id,student_id,grade,semester,subject,content
1,1,1,1,국어,"허생전(박지원)을 읽고 작품을 수용하는 독자의 입장에서 문학작품을 해석하는 관점인 '효용론적 관점'으로 작품을 분석하여 발표함. 특히 무능력한 지배층을 대신하여 직접 나라의 문제를 해결하고 백성을 구휼하는 허생의 모습을 통해 표면적으로는 이상적인 인간의 모습을 제시했지만 빈 섬에 사람을 가둬두고 이동을 금지하는 모습은 오히려 백성의 이동의 권리를 침해할 수 있다는 점에 주목하여 한 인물이 가지는 모순에 주목하여 감상함. 문법 개념을 정리하고 관련 문제를 풀이하는 활동에 성실히 참여함. '국어의 어제와 오늘' 단원을 학습하며 국어가 변화하는 실체임을 이해하고, 변화 과정에 흥미를 느낌. 중세, 근대, 현대 국어의 음운, 표기, 문법, 어휘의 변화 양상을 분석하여 알기 쉽게 정리함."
2,1,1,1,수학,희망 진로 분야인 컴퓨터 공학과에서 함수를 이용하여 각 입력값에 따라 출력값이 나오기 때문에 함수 단원이 흥미로웠으며 출력값이 나오지 않을 때 다른 경우를 생각해보는 관점의 전환을 경우의 수에서 연습할 수 있어서 유익했다는 보고서를 제출함. 수학적 역량이 뛰어난 학생임.
3,1,1,1,영어,"교과서에 수록된 다양한 영어 지문을 읽고 해석한 후, 글의 주제에 대해 생각해보는 활동에 참여함."
4,1,1,1,한국사,"양무 운동과 메이지 유신을 비교하고 우리나라 근대화 정책이 전개된 배경, 다양한 추진 세력이 주장하는 정책의 방향의 차이를 정확히 알게 됨. 역사적 사실을 탐구하는 수행평가에서 삼국 시대부터 조선 시대까지 있었던 군역 제도, 정치 기구 등에 대해 정확히 이해함. 각 시대의 경관직과 외관직을 구별할 수 있음. 고려와 조선의 중앙 정치 기구의 역할을 정확히 알고 기술하였으며 시대별로 변화하는 향리의 지위와 역할도 알고 있음. 1학기 중간고사보다 기말고사 성적이 올라 상승세를 보임. 수행평가에서 일제시대에 있었던 대한 광복회, 독립 의군부 등의 독립운동단체의 활동 내용을 정확히 알고 구별했으며 일제의 민족 말살 통치 정책의 배경과 민중의 삶에 미친 영향을 잘 파악하고 있음. 주요 무장투쟁, 의열투쟁의 내용과 시기별 독립운동의 변동에 대해 잘 이해함. 대한민국 정부 수립 후 6.25 전쟁의 전개 과정을 맥락적으로 이해하고 전후 복구를 위해 어떤 노력을 했는지 정확하게 이해함."
5,1,1,1,통합사회,"수업에 열심히 참여하는 학생으로 학업에 대한 열의가 강함. 지역 산불이라는 주제를 선정하여 자료를 조사하고 윤리적 관점, 사회적 관점, 시간적 관점, 공간적 관점으로 분석함. 대한민국은 국토의 70%가 산지 지형인 지리적 특성상 산불이 자주 발생한다는 것을 공간적 관점을 통해 설명함. 특히 산들이 산맥으로 연결되어 있어 산불이 났을 경우 피해가 막심함을 설명함. 산불이 빈번하게 발생하는 이유를 기후 변화로 설명함. 기후변화 이외에도 시민들의 부주의로 산불이 발생하는 경우가 있음을 설명하며 자연을 보호하기 위한 정부 및 시민들의 노력이 필요함을 강조함. 상업 자본주의 (중상주의)라는 주제를 선정하여 발표함. 중상주의의 정의에 대해 경제사상사 측면에서 설명함, 중상주의가 등장하게 된 배경을 당시 정세를 설명하며 발표함. 중상주의의 최종 목표는 금과 은의 축적이었으며 당시에는 귀금속이 국가의 부를 나타낸다고 생각했었음을 설명함. 중상주의는 절대왕정을 뒷받침하는 역할을 했음을 설명함. 후발 자본주의 국가들에서는 19세기 이후에도 자국의 유치산업을 보호하기 위해 중상주의적 경제 정책들을 채택했음을 조사하여 발표함."
6,1,1,1,통합과학,"생물 다양성과 유지 단원 학습 후 인간으로 인한 지구 환경 파괴의 심각성에 대해 깨달았으며, 분리 수거와 같이 지구 환경 보전을 위해 자신이 할 수 있는 일들을 적극적으로 해나가야겠다는 결심을 하고 실천 의지를 다짐. 송전 과정에서 손실 전력을 줄이기 위해 송전 전압을 높여야 함을 이해하고 있으며, 에너지 전환 과정에서 전체 에너지의 양은 일정하지만 사용하기 힘든 형태로의 에너지 전환이 일어나기 때문에 에너지를 절약해야 한다는 점을 잘 인지함. 생물 다양성에 대해 학습한 후 생물 다양성을 유지하고 생태 환경을 보전하는 일의 중요성을 깨닫게 됨. 과학독서활동 수행평가에서 '청소년을 위한 AI 최강의 수업(김진형, 김태년)'을 읽은 후, 독후 감상문을 작성하고 발표하는 시간을 가짐. 인공지능 개발의 변천사에 대한 지식과 인공지능의 주요 원리에 대한 지식의 폭을 넓힘. 인공지능의 취약점에 대한 소개 부분이 가장 인상적이었다고 하며, 자신의 진로 희망인 정보보호전문가가 되어 취약점을 보완할 수 있는 방법을 찾아보는 연구를 해보고 싶다는 포부를 밝힘."
7,1,1,1,과학탐구실험,"과학자 마이클 패러데이의 생애와 연구를 주제로 자료를 조사한 후 짜임새 있는 글을 작성하여 제출하였고 자료를 제작해 발표함. 독서 활동을 통해 패러데이에 대해 접한 후 그의 업적을 자세히 알아보고 싶어 조사하게 되었다는 주제 선정 동기를 밝힘. 그의 생애를 소개한 후 주요 연구 업적 중 전자기 유도 현상과 패러데이 새장의 정의와 내용을 영상 자료를 활용하여 급우들이 이해하기 쉽게 설명함. 또한 뛰어난 과학적 업적에도 아이들을 위해 정기적으로 크리스마스 강연회를 개최하여 과학의 대중화에 기여한 점을 소개함. 신소재 메탄 하이드레이트에 대해 체계적으로 조사하여 완성도 높은 글을 작성하여 제출하였고 자료를 제작해 발표함. 메탄 하이드레이트의 정의와 형성 과정을 소개한 후 풍부한 매장량, 친환경적 소재 등의 강점과 안정성, 비용 측면에서의 단점을 비교하여 설명하여 수업을 풍성하게 만드는데 도움을 줌. 빛의 색에 대한 뉴턴의 결정적 실험을 이해하고 분산되었던 빛이 렌즈에 의해 백색광으로 모아지는 빛의 진행 경로를 여러 가지 색을 활용하여 정확하게 표현함. 산화 환원 반응의 원리를 이해하고 지시약 인디고 카민을 이용한 용액의 색 변화 실험을 우수하게 수행한 후 활동지를 작성함."
8,1,1,1,물리학 I,"교사와의 상호작용이 뛰어난 학생으로 늘 수업시간에 집중하는 모습을 보임. 핵분열 내용을 학습한 후 원자력 발전에 대해 흥미가 생겨 원자력 발전소의 구조, 역할 등에 대해서 탐구함. 또한 핵분열이 전기 에너지로 전환되는 과정, 감속재, 제어봉 등의 역할에 대해서 탐구함. 러더퍼드와 톰슨이 밝혀낸 원자핵의 성질과 전자의 에너지 준위에 대해 학습한 후 원자 구조에 흥미가 생겨 현대 원자구조의 근간이 되는 하이젠부르크의 불확정성 원리, 슈뢰딩거의 파동방정식 등에 대해서 탐구하였고 이를 우수하게 발표함. 첨단 과학 이야기를 조사하는 활동에서 공기방울을 자성유체에 통과시켜 자기 선속의 시간적 변화율을 유도하여 전자기 유도 현상을 일으키면 친환경적인 전기에너지 생산이 가능함을 알게 됨. 이를 통해 연구를 위해 새롭고 창의적인 아이디어를 산출하는 능력 및 적용 능력의 중요성을 깨닫게 됨. 직선 전류 주위의 자기장 모양, 방향, 세기를 알아보는 실험에서 나침반의 자침이 직선 전류에 의한 자기장과 지구 자기장의 합성 방향임을 적용하여 자기장의 방향을 직접 찾으며 분석함. 실험 결과 작성과 결과를 그래프로 변환하는 자료 해석 능력 및 자료 변환 능력을 키움. 학생 교과학습 응용사례 발표의 날(2022.12.21.)에 '유전자가위 기술의 발전과 미래-크리스퍼-캐스9 중심으로'을 수강함. 유전자 가위의 발전 과정이 가장 인상적이었다고 함. 유전자 가위라고 해서 진짜 가위를 사용하는 것이 아니라, 우리몸의 면역반응을 이용해서 유전자를 편집하는 기술이란 것을 알게됨"
9,1,1,1,체육,"스스로 문제를 해결하려는 자세가 좋으며 학습활동에 자신감이 있으며, 남의 의견을 존중할 줄 알고 단체 활동에 매우 적극적인 태도를 지녔음. 신체가 건강하고 운동 신경이 뛰어나 체육 활동에도 남다른 재능을 보여 매 수업 시간 최선을 다함. 농구 종목의 레이업 슛 수행평가에서 원하는 결과를 이뤄낼 만큼 활동 시간에도 매우 성실한 학생임. 민첩성과 순발력이 요구되는 난도 높은 줄넘기 2단 뛰기 수행평가에서 올바른 손목 스냅과 정확한 점프 폭 등을 구사하며 높은 실력을 보여줌. 특히. 탁구 스트로크 기술의 습득 속도가 빠르며 기초체력이 좋아 급우들과 하는 탁구 경기에서도 좋은 모습을 보였으며 기본적인 서비스를 잘 구사하여 탁구 종목에서의 자신을 보였음. 또한, 심신 단련과 건강한 생활 습관 형성을 바탕으로 한 요가 수업에서 “전사 자세""와 ""나무 자세""를 끊임없이 노력한 결과 요가 수행평가에서 자신이 원하는 결과를 이뤄냄. 체육 활동에서 어려움이 있더라도 끝까지 해내려는 의지가 매우 강한 학생임."
10,1,1,1,음악,"열의와 흥미를 가지고 수업시간에 적극적으로 참여하고 음악을 접근함에 있어 즐거운 마음을 갖고 다가가는 모습을 보여주고 있음. 여러 악기들을 수용하고 왕산악이 중국에서 들여온 7현금을 개량한 거문고를 통한 고구려 음악의 발전과 백제 금동대향로에 새겨진 5명의 악사와 악기를 보며 백제시대의 음악, 우륵이 가야금을 신라에 전파하여 궁중과 민간에 영향을 주었던 신라의 음악을 통해 삼국시대의 음악을 잘 파악해 낼 줄 아는 학생임. 기타 연주에 관심이 많고 음악을 진심으로 즐기며 좋아하는 학생임. 첫 시간에 배운 코드의 다이어그램을 정확히 이해하여 새로운 코드를 스스로 잡아 연주하였고 선생님의 설명에 집중하는 태도가 돋보임. 기타 코드를 연결하는 손 모양이 자연스러워 곡의 흐름이 안정적이었으며, 팝송 '아임 유어 스'의 8비트 다운 업 스트로크를 정확히 인지하여 연주함. 특히, 완성도 높은 연주를 위해 한 곡을 꾸준히 연습하는 열정이 남달랐고, 급우들 앞에서 자신감 있게 발표하여 많은 박수를 받았던 점이 기억에 남음."
11,1,1,1,미술,"미술읽기 시간에 그래비티 아티스트, 길거리 예술가를 주제로 한 다큐멘터리 영상과 자연스러움에 관한 작품을 감상하고 이에 대한 자신의 의견을 작성함, 시각디자인의 개념을 이해하고 정보전달력과 시각적 심리를 고려하여 개성있는 이모티콘을 제작함. 이모티콘과 그 쓰임에 대해서 고민해보고 주제와 자연스럽게 연결되도록 연출함. '아몬드(손원평)'을 읽고 이에 대한 감상을 추상 입체 조형물로 완성함. 사랑을 처음 느낄 때의 주인공의 마음 속을 입체적으로 표현함."
12,1,1,2,국어,"허생전(박지원)을 읽고 작품을 수용하는 독자의 입장에서 문학작품을 해석하는 관점인 '효용론적 관점'으로 작품을 분석하여 발표함. 특히 무능력한 지배층을 대신하여 직접 나라의 문제를 해결하고 백성을 구휼하는 허생의 모습을 통해 표면적으로는 이상적인 인간의 모습을 제시했지만 빈 섬에 사람을 가둬두고 이동을 금지하는 모습은 오히려 백성의 이동의 권리를 침해할 수 있다는 점에 주목하여 한 인물이 가지는 모순에 주목하여 감상함. 문법 개념을 정리하고 관련 문제를 풀이하는 활동에 성실히 참여함. '국어의 어제와 오늘' 단원을 학습하며 국어가 변화하는 실체임을 이해하고, 변화 과정에 흥미를 느낌. 중세, 근대, 현대 국어의 음운, 표기, 문법, 어휘의 변화 양상을 분석하여 알기 쉽게 정리함."
13,1,1,2,수학,희망 진로 분야인 컴퓨터 공학과에서 함수를 이용하여 각 입력값에 따라 출력값이 나오기 때문에 함수 단원이 흥미로웠으며 출력값이 나오지 않을 때 다른 경우를 생각해보는 관점의 전환을 경우의 수에서 연습할 수 있어서 유익했다는 보고서를 제출함. 수학적 역량이 뛰어난 학생임.
14,1,1,2,영어,"교과서에 수록된 다양한 영어 지문을 읽고 해석한 후, 글의 주제에 대해 생각해보는 활동에 참여함."
15,1,1,2,한국사,"양무 운동과 메이지 유신을 비교하고 우리나라 근대화 정책이 전개된 배경, 다양한 추진 세력이 주장하는 정책의 방향의 차이를 정확히 알게 됨. 역사적 사실을 탐구하는 수행평가에서 삼국 시대부터 조선 시대까지 있었던 군역 제도, 정치 기구 등에 대해 정확히 이해함. 각 시대의 경관직과 외관직을 구별할 수 있음. 고려와 조선의 중앙 정치 기구의 역할을 정확히 알고 기술하였으며 시대별로 변화하는 향리의 지위와 역할도 알고 있음. 1학기 중간고사보다 기말고사 성적이 올라 상승세를 보임. 수행평가에서 일제시대에 있었던 대한 광복회, 독립 의군부 등의 독립운동단체의 활동 내용을 정확히 알고 구별했으며 일제의 민족 말살 통치 정책의 배경과 민중의 삶에 미친 영향을 잘 파악하고 있음. 주요 무장투쟁, 의열투쟁의 내용과 시기별 독립운동의 변동에 대해 잘 이해함. 대한민국 정부 수립 후 6.25 전쟁의 전개 과정을 맥락적으로 이해하고 전후 복구를 위해 어떤 노력을 했는지 정확하게 이해함."
16,1,1,2,통합사회,"수업에 열심히 참여하는 학생으로 학업에 대한 열의가 강함. 지역 산불이라는 주제를 선정하여 자료를 조사하고 윤리적 관점, 사회적 관점, 시간적 관점, 공간적 관점으로 분석함. 대한민국은 국토의 70%가 산지 지형인 지리적 특성상 산불이 자주 발생한다는 것을 공간적 관점을 통해 설명함. 특히 산들이 산맥으로 연결되어 있어 산불이 났을 경우 피해가 막심함을 설명함. 산불이 빈번하게 발생하는 이유를 기후 변화로 설명함. 기후변화 이외에도 시민들의 부주의로 산불이 발생하는 경우가 있음을 설명하며 자연을 보호하기 위한 정부 및 시민들의 노력이 필요함을 강조함. 상업 자본주의 (중상주의)라는 주제를 선정하여 발표함. 중상주의의 정의에 대해 경제사상사 측면에서 설명함, 중상주의가 등장하게 된 배경을 당시 정세를 설명하며 발표함. 중상주의의 최종 목표는 금과 은의 축적이었으며 당시에는 귀금속이 국가의 부를 나타낸다고 생각했었음을 설명함. 중상주의는 절대왕정을 뒷받침하는 역할을 했음을 설명함. 후발 자본주의 국가들에서는 19세기 이후에도 자국의 유치산업을 보호하기 위해 중상주의적 경제 정책들을 채택했음을 조사하여 발표함."
17,1,1,2,통합과학,"생물 다양성과 유지 단원 학습 후 인간으로 인한 지구 환경 파괴의 심각성에 대해 깨달았으며, 분리 수거와 같이 지구 환경 보전을 위해 자신이 할 수 있는 일들을 적극적으로 해나가야겠다는 결심을 하고 실천 의지를 다짐. 송전 과정에서 손실 전력을 줄이기 위해 송전 전압을 높여야 함을 이해하고 있으며, 에너지 전환 과정에서 전체 에너지의 양은 일정하지만 사용하기 힘든 형태로의 에너지 전환이 일어나기 때문에 에너지를 절약해야 한다는 점을 잘 인지함. 생물 다양성에 대해 학습한 후 생물 다양성을 유지하고 생태 환경을 보전하는 일의 중요성을 깨닫게 됨. 과학독서활동 수행평가에서 '청소년을 위한 AI 최강의 수업(김진형, 김태년)'을 읽은 후, 독후 감상문을 작성하고 발표하는 시간을 가짐. 인공지능 개발의 변천사에 대한 지식과 인공지능의 주요 원리에 대한 지식의 폭을 넓힘. 인공지능의 취약점에 대한 소개 부분이 가장 인상적이었다고 하며, 자신의 진로 희망인 정보보호전문가가 되어 취약점을 보완할 수 있는 방법을 찾아보는 연구를 해보고 싶다는 포부를 밝힘."
18,1,1,2,과학탐구실험,"과학자 마이클 패러데이의 생애와 연구를 주제로 자료를 조사한 후 짜임새 있는 글을 작성하여 제출하였고 자료를 제작해 발표함. 독서 활동을 통해 패러데이에 대해 접한 후 그의 업적을 자세히 알아보고 싶어 조사하게 되었다는 주제 선정 동기를 밝힘. 그의 생애를 소개한 후 주요 연구 업적 중 전자기 유도 현상과 패러데이 새장의 정의와 내용을 영상 자료를 활용하여 급우들이 이해하기 쉽게 설명함. 또한 뛰어난 과학적 업적에도 아이들을 위해 정기적으로 크리스마스 강연회를 개최하여 과학의 대중화에 기여한 점을 소개함. 신소재 메탄 하이드레이트에 대해 체계적으로 조사하여 완성도 높은 글을 작성하여 제출하였고 자료를 제작해 발표함. 메탄 하이드레이트의 정의와 형성 과정을 소개한 후 풍부한 매장량, 친환경적 소재 등의 강점과 안정성, 비용 측면에서의 단점을 비교하여 설명하여 수업을 풍성하게 만드는데 도움을 줌. 빛의 색에 대한 뉴턴의 결정적 실험을 이해하고 분산되었던 빛이 렌즈에 의해 백색광으로 모아지는 빛의 진행 경로를 여러 가지 색을 활용하여 정확하게 표현함. 산화 환원 반응의 원리를 이해하고 지시약 인디고 카민을 이용한 용액의 색 변화 실험을 우수하게 수행한 후 활동지를 작성함."
19,1,1,2,물리학 I,"교사와의 상호작용이 뛰어난 학생으로 늘 수업시간에 집중하는 모습을 보임. 핵분열 내용을 학습한 후 원자력 발전에 대해 흥미가 생겨 원자력 발전소의 구조, 역할 등에 대해서 탐구함. 또한 핵분열이 전기 에너지로 전환되는 과정, 감속재, 제어봉 등의 역할에 대해서 탐구함. 러더퍼드와 톰슨이 밝혀낸 원자핵의 성질과 전자의 에너지 준위에 대해 학습한 후 원자 구조에 흥미가 생겨 현대 원자구조의 근간이 되는 하이젠부르크의 불확정성 원리, 슈뢰딩거의 파동방정식 등에 대해서 탐구하였고 이를 우수하게 발표함. 첨단 과학 이야기를 조사하는 활동에서 공기방울을 자성유체에 통과시켜 자기 선속의 시간적 변화율을 유도하여 전자기 유도 현상을 일으키면 친환경적인 전기에너지 생산이 가능함을 알게 됨. 이를 통해 연구를 위해 새롭고 창의적인 아이디어를 산출하는 능력 및 적용 능력의 중요성을 깨닫게 됨. 직선 전류 주위의 자기장 모양, 방향, 세기를 알아보는 실험에서 나침반의 자침이 직선 전류에 의한 자기장과 지구 자기장의 합성 방향임을 적용하여 자기장의 방향을 직접 찾으며 분석함. 실험 결과 작성과 결과를 그래프로 변환하는 자료 해석 능력 및 자료 변환 능력을 키움. 학생 교과학습 응용사례 발표의 날(2022.12.21.)에 '유전자가위 기술의 발전과 미래-크리스퍼-캐스9 중심으로'을 수강함. 유전자 가위의 발전 과정이 가장 인상적이었다고 함. 유전자 가위라고 해서 진짜 가위를 사용하는 것이 아니라, 우리몸의 면역반응을 이용해서 유전자를 편집하는 기술이란 것을 알게됨"
20,1,1,2,체육,"스스로 문제를 해결하려는 자세가 좋으며 학습활동에 자신감이 있으며, 남의 의견을 존중할 줄 알고 단체 활동에 매우 적극적인 태도를 지녔음. 신체가 건강하고 운동 신경이 뛰어나 체육 활동에도 남다른 재능을 보여 매 수업 시간 최선을 다함. 농구 종목의 레이업 슛 수행평가에서 원하는 결과를 이뤄낼 만큼 활동 시간에도 매우 성실한 학생임. 민첩성과 순발력이 요구되는 난도 높은 줄넘기 2단 뛰기 수행평가에서 올바른 손목 스냅과 정확한 점프 폭 등을 구사하며 높은 실력을 보여줌. 특히. 탁구 스트로크 기술의 습득 속도가 빠르며 기초체력이 좋아 급우들과 하는 탁구 경기에서도 좋은 모습을 보였으며 기본적인 서비스를 잘 구사하여 탁구 종목에서의 자신을 보였음. 또한, 심신 단련과 건강한 생활 습관 형성을 바탕으로 한 요가 수업에서 “전사 자세""와 ""나무 자세""를 끊임없이 노력한 결과 요가 수행평가에서 자신이 원하는 결과를 이뤄냄. 체육 활동에서 어려움이 있더라도 끝까지 해내려는 의지가 매우 강한 학생임."
21,1,1,2,음악,"열의와 흥미를 가지고 수업시간에 적극적으로 참여하고 음악을 접근함에 있어 즐거운 마음을 갖고 다가가는 모습을 보여주고 있음. 여러 악기들을 수용하고 왕산악이 중국에서 들여온 7현금을 개량한 거문고를 통한 고구려 음악의 발전과 백제 금동대향로에 새겨진 5명의 악사와 악기를 보며 백제시대의 음악, 우륵이 가야금을 신라에 전파하여 궁중과 민간에 영향을 주었던 신라의 음악을 통해 삼국시대의 음악을 잘 파악해 낼 줄 아는 학생임. 기타 연주에 관심이 많고 음악을 진심으로 즐기며 좋아하는 학생임. 첫 시간에 배운 코드의 다이어그램을 정확히 이해하여 새로운 코드를 스스로 잡아 연주하였고 선생님의 설명에 집중하는 태도가 돋보임. 기타 코드를 연결하는 손 모양이 자연스러워 곡의 흐름이 안정적이었으며, 팝송 '아임 유어 스'의 8비트 다운 업 스트로크를 정확히 인지하여 연주함. 특히, 완성도 높은 연주를 위해 한 곡을 꾸준히 연습하는 열정이 남달랐고, 급우들 앞에서 자신감 있게 발표하여 많은 박수를 받았던 점이 기억에 남음."
22,1,1,2,미술,"미술읽기 시간에 그래비티 아티스트, 길거리 예술가를 주제로 한 다큐멘터리 영상과 자연스러움에 관한 작품을 감상하고 이에 대한 자신의 의견을 작성함, 시각디자인의 개념을 이해하고 정보전달력과 시각적 심리를 고려하여 개성있는 이모티콘을 제작함. 이모티콘과 그 쓰임에 대해서 고민해보고 주제와 자연스럽게 연결되도록 연출함. '아몬드(손원평)'을 읽고 이에 대한 감상을 추상 입체 조형물로 완성함. 사랑을 처음 느낄 때의 주인공의 마음 속을 입체적으로 표현함."
23,1,2,1,독서,"수업 시간에 집중하며 적극적으로 참여함. 수업을 통해 다양한 분야의 글을 비판적으로 이해하며, 문학, 인문, 사회, 과학, 기술 등 다양한 주제를 주체적으로 읽고자 하는 모습을 보임. 또한 글의 다양성과 깊이 있는 이해를 통해 종합적인 독서 능력을 성장시킴. 또한 지문의 맥락과 글의 특성을 고려하여 적절한 독해 전략을 선택하고 전략적으로 글을 읽어나가는 능력을 갖춤. 또한 글의 구조와 전개 방식을 파악하며 글의 주제를 정확하게 파악하는 모습을 보임. 신중한 태도로 지문을 분석하여 스스로 이해하고자 하는 학습 태도가 우수한 학생으로 사실적 이해를 바탕으로 글쓴이의 논리와 사고를 이해하고자 하는 모습을 보임. '3D 합성 영상', '혈액응고와 비타민K의 기능', '항미생물 화학제의 작용'등의 세부 내용의 중요도를 판정하며 요약 정리하였으며 주요 단어를 중심으로 내용을 도식화하여 파악함."
24,1,2,1,문학,"문학 작품 감상 후 작품에 대한 이해를 바탕으로 자신만의 주제를 정하여 작품을 창작하는 활동에서 아는 것과 행동이 일치해야 한다는 것을 주제로 시를 창작함. 아무리 많은 지식을 알고 있어도 행하지 않으면 소용이 없으며, 아는 것을 실천하지 않는 자들은 원숭이와 다를 바 없다며 실천 없는 학문 수양을 비판함. 은유법, 설의법 등의 표현 방법을 활용하여 주제의식을 효과적으로 드러냄. 이를 통해 학생이 다양한 시의 표현법을 이해하고 있으며 이를 활용하여 시를 창작할 줄 아는 작문능력을 갖추었음을 확인함. 수업 시간에 다양한 문학을 학습하고 장르적 특징과 형상화 방식을 분석하는 활동을 함. 문학 작품 감상을 통해 심층적 의미를 분석하고 자신의 삶과 현대 사회의 모습에 비추어 고찰하는 면모를 보임. 작품을 공감적, 비판적, 창의적으로 수용하고 그 결과를 바탕으로 상호 소통함. 다양한 매체로 구현된 작품의 창의적 표현 방법과 심미적 가치를 문학적 관점에서 수용하고 소통함."
25,1,2,1,수학 I,수업 내용을 빠짐없이 노트 정리하는 학생으로 지루할 수 있는 수업도 웃으며 수업을 듣는 모습에서 수학을 즐기는 학생임을 알 수 있음. 지수와 로그 단원에서 로그의 밑 조건과 진수 조건을 고려하여 문제를 풀 수 있음. 삼각함수 단원에서 삼각함수의 그래프에 대해 배우며 각에 대한 동경이 한 바퀴 돌 때마다 제자리로 돌아온다는 사실을 바탕으로 삼각함수의 주기성을 찾아냄. 또한 삼각함수 단원에서 실세계 활용 문제를 풀며 주기성을 갖는 다양한 현상을 삼각함수를 이용하여 해결하는 경험을 함. 등차수열과 등비수열 단원에서 수열의 합과 수열의 일반항 사이의 관계를 파악하여 수열의 합 공식을 스스로 도출해냄.
26,1,2,1,수학 Ⅱ,"수업 중 '미분법의 발견과 분쟁'이라는 글을 읽고 같은 시기에 다른 수학자에게서 동시에 발견된 미분의 개념이 각각의 장단점을 갖는다는 것에 흥미를 표함. 함수의 연속 단원에서 최대, 최소 정리를 배우며 해당 명제를 단순히 받아들이는 것이 아니라 반례가 있지 않을까 의심하고, 다양한 그래프를 그려보며 명제가 의미하는 바를 완벽히 파악하는 경험을 함. 미분계수와 도함수 단원에서 미분계수가 평균변화율의 극한으로 정의된다는 것을 알고, 함수의 극한의 개념과 연관지어 미분계수가 항상 존재하지 않을 수 있음을 스스로 파악하며 미분가능한 함수와 미분불가능한 함수의 성질을 도출해냄. 정적분 단원에서 정적분과 그래프로 둘러싸인 넓이 사이의 관계를 파악한 뒤, 점대칭 함수와 선대칭 함수의 그래프를 바탕으로 정적분을 쉽게 계산하는 방식을 일반화해냄."
27,1,2,1,영어 I,자신의 의견을 자유롭게 발표하는 활동을 통해 자신에게 큰 영향을 준 인물로 에디슨을 소개함. 자신의 생각을 영어로 조리있게 밝힐 줄 아는 능력이 있으며 적절한 어휘와 구문을 활용하여 청자에게 이해시킬 수 있는 능력이 있음.
28,1,2,1,영어Ⅱ,다양한 주제 중 우주 식량 개발에 대한 투자에 대한 찬성의견을 발표하는 활동을 함. 자신만의 논리구조를 설득력 있게 제시함. 자신의 생각을 영어로 조리있게 밝힐 줄 아는 능력이 있으며 적절한 어휘와 구문을 활용하여 청자에게 이해시킬 수 있는 능력이 있음.
29,1,2,1,화학 I,"'탄산칼슘과 염산의 반응', '식초 속 아세트산 질량' 실험을 수행함. 몰, 화학반응식의 계수, 몰농도 등 이론 수업에서 배운 내용을 실험 과정에 직접 적용하여 보고서를 작성함. 원자의 구조를 이해하고 가려막기 효과로 인해 생기는 유효 핵전하량 개념을 이온화에너지, 원자반지름에 적용해 같은 주기와 같은 족에서 원자번호가 증가할수록 어떤 경향을 가지는지 논리적으로 설명할 수 있음"
30,1,2,1,생명과학 I,"인사성이 바르며 교사의 말을 경청하며 친구들과도 좋은 관계를 유지함. 성적 향상에 노력을 기울이며 최선을 다하는 꾸준한 모습이 보기 좋음. 세포 분열 수행 평가에서 염색체의 크기와 모양을 정확하게 구별하여 표현하는 것을 볼때 체세포 분열과 생식 세포 분열 과정에 대해 이해를 하고 있음을 알 수 있음. 평소 관심이 많았던 야구와 생명과학 시간에 학습한 호르몬에 흥미를 가지고 '금지 약물을 통한 도핑과 그 효과'를 주제로 발표함. 동화작용제, 펩티드 호르몬, 이뇨제, 흥분제, 마약 등 금지 약물을 세분화하여 제시한 후 각각의 효과 및 부작용을 설명하고, 선수의 토핑 여부를 검사하는 프로그램을 제작하고 싶다는 포부를 밝힘. 효모의 이산화 탄소 방출량을 토대로 용액의 당 함량을 비교하는 실험에서 조원들과 활발하게 의사소통하고 협력하였으며 측정값을 오류 없이 그래프로 정리하는 자료 변환 능력을 보여줌. 학습할 때 외우기보다 원리에 대한 이해를 통해 익히려고 하는 자세가 두드러져, 다양한 유형의 문제에 뛰어난 적응력을 보이는 우수한 학생으로 미래가 기대됨."
31,1,2,1,지구과학 I,퇴적 환경에 따른 다양한 퇴적 구조를 설명할 수 있음. 대기 대순환의 특징과 이로 인한 표층 해수 순환을 유기적으로 이해함. 외계 행성계 탐사 방법의 원리와 과정을 알게 되었다고 밝힘.
32,1,2,1,스페인어 I,"대학 입시를 앞둔 시점에서, 스페인의 교육 제도는 우리나라와 어떤 점이 유사하고 다른지에 관심이 생겨서 영유아 교육부터 대학 교육까지 교육의 전반적인 특징을 조사하여 발표함. 스페인의 학업 조기 중단율이 유럽 평균보다 높다는 점을 알게 되면서, 대학에 반드시 진학할 필요가 없고, 공부가 아닌 다른 특기와 관심사가 있다면 언제든 자유롭게 새로운 길을 개척하는 모습에서 우리나라와의 차이를 느낌. 자신이 하고자 하는 일이 무엇인지 새삼 깊이 있게 고민해 보는 시간이 됨. 스페인 내전을 배경으로 한 '누구를 위하여 종은 울리나'를 읽고 미래의 정보 보안 전문가로서 정보의 갈취를 막아서 기업, 국가 간의 갈등을 줄여 분쟁을 최소화할 수 있는 점을 탐구함. 언행이 예쁘며 늘 유쾌한 모습을 보여서 교사와 학급 친구들을 기분 좋게 하는 능력이 있고, 이러한 성품 덕에 수업 시간이 즐겁고 서로 화합이 잘 이루어짐."
33,1,2,1,체육,"스스로 문제를 해결하려는 자세가 좋으며 학습활동에 자신감이 있으며, 남의 의견을 존중할 줄 알고 단체 활동에 매우 적극적인 태도를 지녔음. 신체가 건강하고 운동 신경이 뛰어나 체육 활동에도 남다른 재능을 보여 매 수업 시간 최선을 다함. 농구 종목의 레이업 슛 수행평가에서 원하는 결과를 이뤄낼 만큼 활동 시간에도 매우 성실한 학생임. 민첩성과 순발력이 요구되는 난도 높은 줄넘기 2단 뛰기 수행평가에서 올바른 손목 스냅과 정확한 점프 폭 등을 구사하며 높은 실력을 보여줌. 특히. 탁구 스트로크 기술의 습득 속도가 빠르며 기초체력이 좋아 급우들과 하는 탁구 경기에서도 좋은 모습을 보였으며 기본적인 서비스를 잘 구사하여 탁구 종목에서의 자신을 보였음. 또한, 심신 단련과 건강한 생활 습관 형성을 바탕으로 한 요가 수업에서 “전사 자세""와 ""나무 자세""를 끊임없이 노력한 결과 요가 수행평가에서 자신이 원하는 결과를 이뤄냄. 체육 활동에서 어려움이 있더라도 끝까지 해내려는 의지가 매우 강한 학생임."
34,1,2,1,음악,"열의와 흥미를 가지고 수업시간에 적극적으로 참여하고 음악을 접근함에 있어 즐거운 마음을 갖고 다가가는 모습을 보여주고 있음. 여러 악기들을 수용하고 왕산악이 중국에서 들여온 7현금을 개량한 거문고를 통한 고구려 음악의 발전과 백제 금동대향로에 새겨진 5명의 악사와 악기를 보며 백제시대의 음악, 우륵이 가야금을 신라에 전파하여 궁중과 민간에 영향을 주었던 신라의 음악을 통해 삼국시대의 음악을 잘 파악해 낼 줄 아는 학생임. 기타 연주에 관심이 많고 음악을 진심으로 즐기며 좋아하는 학생임. 첫 시간에 배운 코드의 다이어그램을 정확히 이해하여 새로운 코드를 스스로 잡아 연주하였고 선생님의 설명에 집중하는 태도가 돋보임. 기타 코드를 연결하는 손 모양이 자연스러워 곡의 흐름이 안정적이었으며, 팝송 '아임 유어 스'의 8비트 다운 업 스트로크를 정확히 인지하여 연주함. 특히, 완성도 높은 연주를 위해 한 곡을 꾸준히 연습하는 열정이 남달랐고, 급우들 앞에서 자신감 있게 발표하여 많은 박수를 받았던 점이 기억에 남음."
35,1,2,1,미술,"미술읽기 시간에 그래비티 아티스트, 길거리 예술가를 주제로 한 다큐멘터리 영상과 자연스러움에 관한 작품을 감상하고 이에 대한 자신의 의견을 작성함, 시각디자인의 개념을 이해하고 정보전달력과 시각적 심리를 고려하여 개성있는 이모티콘을 제작함. 이모티콘과 그 쓰임에 대해서 고민해보고 주제와 자연스럽게 연결되도록 연출함. '아몬드(손원평)'을 읽고 이에 대한 감상을 추상 입체 조형물로 완성함. 사랑을 처음 느낄 때의 주인공의 마음 속을 입체적으로 표현함."
36,1,2,2,독서,"수업 시간에 집중하며 적극적으로 참여함. 수업을 통해 다양한 분야의 글을 비판적으로 이해하며, 문학, 인문, 사회, 과학, 기술 등 다양한 주제를 주체적으로 읽고자 하는 모습을 보임. 또한 글의 다양성과 깊이 있는 이해를 통해 종합적인 독서 능력을 성장시킴. 또한 지문의 맥락과 글의 특성을 고려하여 적절한 독해 전략을 선택하고 전략적으로 글을 읽어나가는 능력을 갖춤. 또한 글의 구조와 전개 방식을 파악하며 글의 주제를 정확하게 파악하는 모습을 보임. 신중한 태도로 지문을 분석하여 스스로 이해하고자 하는 학습 태도가 우수한 학생으로 사실적 이해를 바탕으로 글쓴이의 논리와 사고를 이해하고자 하는 모습을 보임. '3D 합성 영상', '혈액응고와 비타민K의 기능', '항미생물 화학제의 작용'등의 세부 내용의 중요도를 판정하며 요약 정리하였으며 주요 단어를 중심으로 내용을 도식화하여 파악함."
37,1,2,2,수학 I,수업 내용을 빠짐없이 노트 정리하는 학생으로 지루할 수 있는 수업도 웃으며 수업을 듣는 모습에서 수학을 즐기는 학생임을 알 수 있음. 지수와 로그 단원에서 로그의 밑 조건과 진수 조건을 고려하여 문제를 풀 수 있음. 삼각함수 단원에서 삼각함수의 그래프에 대해 배우며 각에 대한 동경이 한 바퀴 돌 때마다 제자리로 돌아온다는 사실을 바탕으로 삼각함수의 주기성을 찾아냄. 또한 삼각함수 단원에서 실세계 활용 문제를 풀며 주기성을 갖는 다양한 현상을 삼각함수를 이용하여 해결하는 경험을 함. 등차수열과 등비수열 단원에서 수열의 합과 수열의 일반항 사이의 관계를 파악하여 수열의 합 공식을 스스로 도출해냄.
38,1,2,2,수학 Ⅱ,"수업 중 '미분법의 발견과 분쟁'이라는 글을 읽고 같은 시기에 다른 수학자에게서 동시에 발견된 미분의 개념이 각각의 장단점을 갖는다는 것에 흥미를 표함. 함수의 연속 단원에서 최대, 최소 정리를 배우며 해당 명제를 단순히 받아들이는 것이 아니라 반례가 있지 않을까 의심하고, 다양한 그래프를 그려보며 명제가 의미하는 바를 완벽히 파악하는 경험을 함. 미분계수와 도함수 단원에서 미분계수가 평균변화율의 극한으로 정의된다는 것을 알고, 함수의 극한의 개념과 연관지어 미분계수가 항상 존재하지 않을 수 있음을 스스로 파악하며 미분가능한 함수와 미분불가능한 함수의 성질을 도출해냄. 정적분 단원에서 정적분과 그래프로 둘러싸인 넓이 사이의 관계를 파악한 뒤, 점대칭 함수와 선대칭 함수의 그래프를 바탕으로 정적분을 쉽게 계산하는 방식을 일반화해냄."
39,1,2,2,영어 I,자신의 의견을 자유롭게 발표하는 활동을 통해 자신에게 큰 영향을 준 인물로 에디슨을 소개함. 자신의 생각을 영어로 조리있게 밝힐 줄 아는 능력이 있으며 적절한 어휘와 구문을 활용하여 청자에게 이해시킬 수 있는 능력이 있음.
40,1,2,2,영어Ⅱ,다양한 주제 중 우주 식량 개발에 대한 투자에 대한 찬성의견을 발표하는 활동을 함. 자신만의 논리구조를 설득력 있게 제시함. 자신의 생각을 영어로 조리있게 밝힐 줄 아는 능력이 있으며 적절한 어휘와 구문을 활용하여 청자에게 이해시킬 수 있는 능력이 있음.
41,1,2,2,화학 I,"'탄산칼슘과 염산의 반응', '식초 속 아세트산 질량' 실험을 수행함. 몰, 화학반응식의 계수, 몰농도 등 이론 수업에서 배운 내용을 실험 과정에 직접 적용하여 보고서를 작성함. 원자의 구조를 이해하고 가려막기 효과로 인해 생기는 유효 핵전하량 개념을 이온화에너지, 원자반지름에 적용해 같은 주기와 같은 족에서 원자번호가 증가할수록 어떤 경향을 가지는지 논리적으로 설명할 수 있음"
42,1,2,2,생명과학 I,"인사성이 바르며 교사의 말을 경청하며 친구들과도 좋은 관계를 유지함. 성적 향상에 노력을 기울이며 최선을 다하는 꾸준한 모습이 보기 좋음. 세포 분열 수행 평가에서 염색체의 크기와 모양을 정확하게 구별하여 표현하는 것을 볼때 체세포 분열과 생식 세포 분열 과정에 대해 이해를 하고 있음을 알 수 있음. 평소 관심이 많았던 야구와 생명과학 시간에 학습한 호르몬에 흥미를 가지고 '금지 약물을 통한 도핑과 그 효과'를 주제로 발표함. 동화작용제, 펩티드 호르몬, 이뇨제, 흥분제, 마약 등 금지 약물을 세분화하여 제시한 후 각각의 효과 및 부작용을 설명하고, 선수의 토핑 여부를 검사하는 프로그램을 제작하고 싶다는 포부를 밝힘. 효모의 이산화 탄소 방출량을 토대로 용액의 당 함량을 비교하는 실험에서 조원들과 활발하게 의사소통하고 협력하였으며 측정값을 오류 없이 그래프로 정리하는 자료 변환 능력을 보여줌. 학습할 때 외우기보다 원리에 대한 이해를 통해 익히려고 하는 자세가 두드러져, 다양한 유형의 문제에 뛰어난 적응력을 보이는 우수한 학생으로 미래가 기대됨."
43,1,2,2,지구과학 I,퇴적 환경에 따른 다양한 퇴적 구조를 설명할 수 있음. 대기 대순환의 특징과 이로 인한 표층 해수 순환을 유기적으로 이해함. 외계 행성계 탐사 방법의 원리와 과정을 알게 되었다고 밝힘.
44,1,2,2,스페인어 I,"대학 입시를 앞둔 시점에서, 스페인의 교육 제도는 우리나라와 어떤 점이 유사하고 다른지에 관심이 생겨서 영유아 교육부터 대학 교육까지 교육의 전반적인 특징을 조사하여 발표함. 스페인의 학업 조기 중단율이 유럽 평균보다 높다는 점을 알게 되면서, 대학에 반드시 진학할 필요가 없고, 공부가 아닌 다른 특기와 관심사가 있다면 언제든 자유롭게 새로운 길을 개척하는 모습에서 우리나라와의 차이를 느낌. 자신이 하고자 하는 일이 무엇인지 새삼 깊이 있게 고민해 보는 시간이 됨. 스페인 내전을 배경으로 한 '누구를 위하여 종은 울리나'를 읽고 미래의 정보 보안 전문가로서 정보의 갈취를 막아서 기업, 국가 간의 갈등을 줄여 분쟁을 최소화할 수 있는 점을 탐구함. 언행이 예쁘며 늘 유쾌한 모습을 보여서 교사와 학급 친구들을 기분 좋게 하는 능력이 있고, 이러한 성품 덕에 수업 시간이 즐겁고 서로 화합이 잘 이루어짐."
45,1,2,2,체육,"스스로 문제를 해결하려는 자세가 좋으며 학습활동에 자신감이 있으며, 남의 의견을 존중할 줄 알고 단체 활동에 매우 적극적인 태도를 지녔음. 신체가 건강하고 운동 신경이 뛰어나 체육 활동에도 남다른 재능을 보여 매 수업 시간 최선을 다함. 농구 종목의 레이업 슛 수행평가에서 원하는 결과를 이뤄낼 만큼 활동 시간에도 매우 성실한 학생임. 민첩성과 순발력이 요구되는 난도 높은 줄넘기 2단 뛰기 수행평가에서 올바른 손목 스냅과 정확한 점프 폭 등을 구사하며 높은 실력을 보여줌. 특히. 탁구 스트로크 기술의 습득 속도가 빠르며 기초체력이 좋아 급우들과 하는 탁구 경기에서도 좋은 모습을 보였으며 기본적인 서비스를 잘 구사하여 탁구 종목에서의 자신을 보였음. 또한, 심신 단련과 건강한 생활 습관 형성을 바탕으로 한 요가 수업에서 “전사 자세""와 ""나무 자세""를 끊임없이 노력한 결과 요가 수행평가에서 자신이 원하는 결과를 이뤄냄. 체육 활동에서 어려움이 있더라도 끝까지 해내려는 의지가 매우 강한 학생임."
46,1,2,2,음악,"열의와 흥미를 가지고 수업시간에 적극적으로 참여하고 음악을 접근함에 있어 즐거운 마음을 갖고 다가가는 모습을 보여주고 있음. 여러 악기들을 수용하고 왕산악이 중국에서 들여온 7현금을 개량한 거문고를 통한 고구려 음악의 발전과 백제 금동대향로에 새겨진 5명의 악사와 악기를 보며 백제시대의 음악, 우륵이 가야금을 신라에 전파하여 궁중과 민간에 영향을 주었던 신라의 음악을 통해 삼국시대의 음악을 잘 파악해 낼 줄 아는 학생임. 기타 연주에 관심이 많고 음악을 진심으로 즐기며 좋아하는 학생임. 첫 시간에 배운 코드의 다이어그램을 정확히 이해하여 새로운 코드를 스스로 잡아 연주하였고 선생님의 설명에 집중하는 태도가 돋보임. 기타 코드를 연결하는 손 모양이 자연스러워 곡의 흐름이 안정적이었으며, 팝송 '아임 유어 스'의 8비트 다운 업 스트로크를 정확히 인지하여 연주함. 특히, 완성도 높은 연주를 위해 한 곡을 꾸준히 연습하는 열정이 남달랐고, 급우들 앞에서 자신감 있게 발표하여 많은 박수를 받았던 점이 기억에 남음."
47,1,2,2,미술,"미술읽기 시간에 그래비티 아티스트, 길거리 예술가를 주제로 한 다큐멘터리 영상과 자연스러움에 관한 작품을 감상하고 이에 대한 자신의 의견을 작성함, 시각디자인의 개념을 이해하고 정보전달력과 시각적 심리를 고려하여 개성있는 이모티콘을 제작함. 이모티콘과 그 쓰임에 대해서 고민해보고 주제와 자연스럽게 연결되도록 연출함. '아몬드(손원평)'을 읽고 이에 대한 감상을 추상 입체 조형물로 완성함. 사랑을 처음 느낄 때의 주인공의 마음 속을 입체적으로 표현함."
48,1,3,1,언어와 매체,"국어 문법 학습에 대한 높은 흥미와 동기를 가지고 지속적으로 학습함. 문법 현상에 대한 호기심과 탐구 정신을 바탕으로 자발적으로 추가 학습을 하며, 문법적 지식을 심화함. 뿐만 아니라 역사적 실체로서 국어의 변화를 이해하고 탐구하며, 음운 변동과 문법 요소를 탐구하여 언어생활에 활용할 줄 앎."
49,1,3,1,미적분,"평소 수업시간 중 교사의 질의에 다양한 방법으로 접근하여 문제를 해결하였으며 이해가 가지 않는 부분은 따로 정리하는 등 수학에 흥미와 자신감이 있고, 문제를 끝까지 해결하려는 끈기가 있는 학생임. 교과서 도함수의 활용 중단원 발전 문제 풀이에 자원하여 속도, 가속도의 관계식을 알고 물체가 포물선운동을 할때 최고높이 및 지면에 닿을때 속도를 구해냄. 평상시 많은 양의 계산을 접하며 수학공부를 생활화하고 있으며 함수의 연속, 미분, 적분 등 교과서에서 제시된 생각나누기 및 단원평가 문제를 풀이하고 급우들과 토론하는 등 수학적 공감대를 형성함. 미분의 역사적 발생의 원리에 맞춰 라이프니츠와 뉴턴의 미분 접근법의 차이를 이해하며 극한을 이용한 미분의 정의를 통하여 지수, 로그, 삼각함수 등 초월함수의 미적분과 관련된 여러 공식을 증명하고 활용함"
50,1,3,1,확률과 통계,"성실한 참여를 보여주는 학생으로 교사의 질문에 적극적으로 응답하여 수업 분위기 향상에 도움을 줌. 처음 접하는 개념을 쉽게 이해하며 고난도 문제에 끈기 있게 도전함. 자율 탐구로 야구선수 평가 지표 중 하나인 대체 선수 대비 승리 기여도(WAR)를 조사함. 평소 야구를 좋아하고 이 지표가 어떻게 산정되는지 알고 싶어 주제로 택했다고 함. 대체 선수 대비 승리 기여도의 의미를 설명하였으며 지표 산정 시 고려해야 할 요소들로 야구장의 크기, 수비, 포지션 등이 있음을 알게 되었다고 함. 투수와 불펜 투수의 경우도 다르게 산정해야 한다고 하였으며 그 차이를 언급함. 종합적으로 다른 모든 지표들은 이 대체 선수 대비 승리 기여도를 위해 존재한다고도 할 수 있다고 함. 탐구를 통해 평소 궁금했던 세이버매트릭스를 자세히 알아볼 수 있어서 유익했다는 소감을 밝힘."
51,1,3,1,영어 독해와 작문,"영어 독해 및 작문 실력을 키우고자 인문, 사회, 과학, 및 예술 분야와 관련된 다양한 영어 독해 지문을 읽고 빈칸의 내용을 추론하여 영어로 완성해보거나 주제문을 작성하는 활동에 참여함. 환경 문제 해결을 위한 재활용 프로그램의 한계에 대해 설명하는 영어 독해 지문을 읽고 지문 속 빈칸의 내용을 추론하여 영어로 완성하기 활동에 참여하여 추론 능력 및 작문 실력을 보여줌. 또한, 운송 수단으로서의 자전거의 역할에 대해 다룬 지문을 학습한 후, 이를 환경 문제와 연관지어 독후 작문 활동 시간에 '우리나라의 자전거 인프라'라는 주제로 에세이를 작성함. 단어 및 표현의 품사와 의미를 정확하게 이해하고 있어야 완벽한 글쓰기가 가능한 활동에서 두각을 드러내었으며, 수업 중의 작문 활동에 적극적으로 참여하는 모습을 높이 평가함."
52,1,3,1,철학,"'자유롭다는 것, 그것은 어떤 장애물도 만나지 않는 것인가?'라는 주제에 대해 그렇지 않다는 자신의 견해를 발표함. 사람은 자신이 원하는 대로 행동할 때 장애물을 마주치게 되듯이 언제든지 장애물을 맞닥뜨릴 수 있으므로 그 과정에서 자유롭게 문제를 해결할 수 있다는 논지로 자신의 의견을 뒷받침함. '나는 누구인가'라는 물음에 현재 학업에 열중하면서 변화된 자신을 긍정적으로 소개하는 것으로 답함. 학생 자신은 대입 준비 과정에서 시간 관리, 컨디션 조절 등 자기 관리 능력이 증진되었고, 학업에 대해 좌절하는 순간, 실패에 대해 의연하게 대처할 수 있게 되었으며, 논리적인 사고가 생겼다고 함. '바람직한 사회는 어떤 사회인가?'라는 수업 주제에 대해 '모든 사람이 검증된 정보만을 믿고 이성적으로 판단해 상호 존중하는 사회'라고 답하며, 자기 자신은 상대를 존중하고 섣부른 판단을 하지 않는 사람이 되고 싶다는 생각도 밝힘. '생활 수칙 만들기' 수업에서 침묵, 규율, 결단, 정직, 중용, 평정을 지켜야 할 덕목으로 선정하고 자신의 급한 성격을 고치고 싶기 때문이라고 덕목 선정 사유를 밝힘. 학생 교과학습 응용사례 발표의 날(2024.07.15.) 1교시에 '우리는 왜 노래를 못 부를까?'라는 흥미로운 제목의 강의를 선택하여 수강함. 성대의 해부학적 구조와 소리를 내는 원리를 알게 되어 강의에 더욱 집중하는 모습을 보였으며 강의를 통해 배운 원리와 호흡법을 노래를 부를 때 활용해야겠다고 이야기함. 2교시에는 '우생학과 이에 대한 생물학적 비판'이라는 강의를 수강하여 현대 과학의 과점에서 복수인종설, 골상학, 우생학 등의 학설을 살펴보고 각 주장의 잘못된 점에 대해 과학적인 반박을 제시할 수 있음에 매우 흥미를 느껴 인종 차별이 근거 없는 사회적 문제임을 다시 한 번 깨달음."
53,1,3,1,심화 국어,"'서울, 1964년 겨울(김승옥)'을 선정하여 분석을 함. 인간관계 단절과 고독, 소외에 대해 적나라하게 드러낸 작품을 읽으며 작가가 중요하게 다루는 가치는 인간관계 회복임을 이해하게 됨. 사회가 서로에 대해 무관심해지고 서로를 근거 없이 물어뜯기만 하는 것에 안타까움을 느끼며 이 문제를 해결하기 위한 방안에 대해 작품과 연계시켜 생각해 보는 계기를 마련함. 글에서 자신과 사회의 문제를 해결하는 방법이나 필자의 생각에 대한 대안을 찾으며 읽음. 콤프턴 효과에 관한 지문을 읽고 활동지를 작성 (2024.07.16.)함. 빛이 파동이라 여겨지는 시기에 콤프턴은 빛인 X선을 탄소 표적에 쪼여 산란시키는 실험을 했는데, 그의 실험 결과는 X선을 파동만으로 간주하는 이론으로는 설명이 되지 않았고, 그의 실험에서 탄소 표적에서 산란한 빛은 콤프턴 이동이라 불리는 값만큼 이동한 파장을 가졌다고 요약함. 그는 이러한 현상을 운동량과 에너지 전달로 해석했는데 이것은 빛을 입자로 보는 광양자설과 부합했으며, 그의 실험은 빛이 파동과 입자의 성질을 모두 갖는다는 것을 모두가 인정하는 데 중요한 공헌을 했다고 정리함. 빛의 이중성에 관련된 다른 연구나 실험에 대해 추가로 탐구해 보고 싶다는 목표를 설정함."
54,1,3,1,세계 문제와 미래 사회,"이주민 문제를 주제로 심도 있는 탐구를 진행하였으며, 최근 이주민 문제가 점점 심각해지고 있음을 인식하고 이를 주제로 삼음. 문제의 핵심으로는 외국인 노동자에 대한 차별과 불법 체류 문제를 악용한 임금 착취가 있으며, 이주민의 강력 범죄율이 내국인보다 높은 현상도 언급됨. 이러한 문제들은 이주민에 대한 사회적 편견과 법적 미비로 인한 것이며, 인권과 공정한 대우의 부족을 원인으로 지적함. 해결 방안으로 이주노동자들의 인권을 보호하고 부당한 처우를 개선할 수 있는 국가기관의 설립을 제안함. 또한, 저출산 시대에 이주민을 단순한 사회 문제가 아니라 귀중한 인적 자원으로 인식하고 적극적으로 활용해야 한다고 강조함. 발표는 내용을 풍부하고 자연스럽게 전달하였으며, 이주민 문제에 대한 균형 잡힌 시각과 실질적인 해결 방안을 제시한 점이 인상적임."
55,1,3,1,생명과학 Ⅱ,"광합성 단원에서 광합성 색소에 대해 학습한 후, 시금치를 이용한 광합성 색소 추출 실험 활동에 적극적으로 참여함. 시금치와 아세톤을 막자사발에 넣고 잘게 으깨며 시금치 색소추출액을 진하게 추출하는 데 기여함. 광합성 색소가 전개됨을 직접 확인할 수 있어서 의미 있었다는 소감을 밝힘. 수업 중 과학 기사 분석하기 활동에서 암 치료 도구로 활용 가능한 수리종양학을 소개하는 기사를 읽고, 암 진행을 수학적으로 계산하는 수리종양학에 대해 알게 되는 계기가 됨. 수리모델을 이용하여 암을 진단하고 예측 가능하다는 점이 신기하다고 느꼈으며, 기술이 상용화되어 암으로 고통받는 많은 환자들을 하루 빨리 치료할 수 있게 되기를 소망한다고 밝힘."
56,1,3,1,지구과학 Ⅱ,"지구과학 수업에 적극적으로 참여하였으며, 특히 천문 단원에 대하여 흥미를 보임."
57,1,3,1,정보 통신,"정보과학기술의 유용성을 창의적 아이디어 제공, 문제 해결, 화재 및 사고 현장에서의 드론 활용, 군사훈련 및 게임에서의 가상현실과 증강현실 등 다양한 예시를 통해 잘 설명했음. 부정적 영향보다는 긍정적 측면을 강조한 이 학생의 주장은 기술 발전의 중요성과 혜택을 잘 이해하고 있으며, 이를 통해 더욱 발전된 사회를 기대하고 있음을 보여주었음."
58,1,3,1,기하,"원뿔을 절단하여 포물선, 타원, 쌍곡선을 얻어내고 각각의 이차곡선이 좌표평면에서 나타내는 방정식을 유도할 수 있음. 기하와 대수의 연결성을 경험하고 이차곡선의 실생활 활용을 통해 수학의 유용성과 가치를 인식하는 모습을 보임. 포물선, 타원, 쌍곡선의 정의를 알며, 정의를 이용하여 포물선을 접어보는 활동을 수행함. 쌍곡선은 두 초점으로부터 거리의 차가 일정한 집합이라는 정의를 잘 이해하고 있으며, 이를 통해 원 밖의 한 점을 잡아 접선들을 접어 쌍곡선의 형태를 완성시킴. 잡은 점과 원의 중심이 쌍곡선의 두 초점이 됨을 정의를 통해 설명할 수 있는 모습을 통해 수학적 의사소통능력의 신장을 일궈냄."
59,1,3,1,과학과제 연구,"최종 결과물로 '수면 시간과 학습 효율의 상관관계'라는 제목의 탐구보고서를 작성 (2023.11.24.) 함. 본인의 개인적인 경험에 따르면 수면 시간이 덜 확보된 날에 오히려 공부 효율이 좋고 집중력이 올라가는 날들이 더 많았던 경우가 있었는데, 대부분 많은 사람들의 경우 효율 있는 공부를 하려면 수면시간을 많이 확보하라고 주장하는 것에 대해 궁금증이 생겨 탐구를 진행하게 되었다고 함. 이에 3주간 객관적인 자료를 수집하고 이를 바탕으로 수면과 학습 효율 사이의 상관관계를 직접 비교해 보는 등, 과학적으로 문제해결을 위해 노력하는 모습을 보임. 도서 분석 활동으로는 '인포그래픽으로 보는 우주 탄생의 비밀(벤 길리랜드)' (2023.05.19.)를 읽고 부족했던 천체에 대한 지식을 충족시키는 발판이 되었다고 함. 과학자들의 경험하는 수많은 시행착오들과 그것을 극복하는 과정을 보며 감탄하였고, 암흑물질과 같은 새로운 대해서도 알게 되어 매우 유익한 시간이었다고 함. '부분과 전체(하이젠베르크)' (2023.09.08.)를 읽고는 세상의 숨겨진 진리를 탐구하는 과학자들의 모습을 보며, 철학과의 연관성에 대해서 생각해보았다고 함."
60,1,3,1,스포츠 생활,"주어진 운동 과제를 수행하고자 적극적으로 수업에 참여하며 다양한 기능을 습득하기 위해서 긍정적인 태도로 도전하는 학생임. 개인 기록 향상을 위해 배구 언더오버 토스 수업 목표를 달성하는 것에 그치지 않고 기능적으로 발전하고자 노력하여 스스로 세운 목표를 달성할 수 있는 학생임. 학급 친구들과 협력하며 팀 스포츠인 축구 및 족구 운동 과제를 연습하고 문제를 해결하려는 모습이 돋보임. 또한, 탁구 스트로크와 배드민턴 서비스와 같은 운동기능 연습에서 실패를 경험하더라도 포기하지 않고 이를 극복하는 자세를 보임. 적극적인 태도를 바탕으로 배울 수 있는 것을 습득하는 과정에 스스럼이 없는 학생이며, 어려운 난이도의 운동 수행 과제를 직면하였을 때, 포기보다는 긍정적인 태도로 도전하고자 하는 의지가 강함. 꾸준하게 노력하며 점진적으로 발전하는 모습으로 보아 성실한 학생임을 알 수 있음."
61,1,3,1,운동과 건강,"운동과 건강 수업 중 배드민턴 수업에서 하이클리어 기술을 배우며 셔틀콕을 높은 타점에서 멀리 보내는 데 중점을 두고 연습함. 처음에는 셔틀콕을 멀리 보내는 것을 매우 어려워했으나, 교사의 지도와 반복적인 연습을 통해 점차 향상됨. 하이클리어 기술을 꾸준히 연습하여 셔틀콕을 멀리 정확하게 보낼 수 있게 되었고, 다양한 기술과 융합하여 이를 통해 경기 운영 능력도 크게 향상됨. 밝고 최선을 다해 열심히 참여 하는 모습이 돋보이는 우수한 학생임."
62,1,3,2,언어와 매체,"국어 문법 학습에 대한 높은 흥미와 동기를 가지고 지속적으로 학습함. 문법 현상에 대한 호기심과 탐구 정신을 바탕으로 자발적으로 추가 학습을 하며, 문법적 지식을 심화함. 뿐만 아니라 역사적 실체로서 국어의 변화를 이해하고 탐구하며, 음운 변동과 문법 요소를 탐구하여 언어생활에 활용할 줄 앎."
63,1,3,2,미적분,"평소 수업시간 중 교사의 질의에 다양한 방법으로 접근하여 문제를 해결하였으며 이해가 가지 않는 부분은 따로 정리하는 등 수학에 흥미와 자신감이 있고, 문제를 끝까지 해결하려는 끈기가 있는 학생임. 교과서 도함수의 활용 중단원 발전 문제 풀이에 자원하여 속도, 가속도의 관계식을 알고 물체가 포물선운동을 할때 최고높이 및 지면에 닿을때 속도를 구해냄. 평상시 많은 양의 계산을 접하며 수학공부를 생활화하고 있으며 함수의 연속, 미분, 적분 등 교과서에서 제시된 생각나누기 및 단원평가 문제를 풀이하고 급우들과 토론하는 등 수학적 공감대를 형성함. 미분의 역사적 발생의 원리에 맞춰 라이프니츠와 뉴턴의 미분 접근법의 차이를 이해하며 극한을 이용한 미분의 정의를 통하여 지수, 로그, 삼각함수 등 초월함수의 미적분과 관련된 여러 공식을 증명하고 활용함"
64,1,3,2,확률과 통계,"성실한 참여를 보여주는 학생으로 교사의 질문에 적극적으로 응답하여 수업 분위기 향상에 도움을 줌. 처음 접하는 개념을 쉽게 이해하며 고난도 문제에 끈기 있게 도전함. 자율 탐구로 야구선수 평가 지표 중 하나인 대체 선수 대비 승리 기여도(WAR)를 조사함. 평소 야구를 좋아하고 이 지표가 어떻게 산정되는지 알고 싶어 주제로 택했다고 함. 대체 선수 대비 승리 기여도의 의미를 설명하였으며 지표 산정 시 고려해야 할 요소들로 야구장의 크기, 수비, 포지션 등이 있음을 알게 되었다고 함. 투수와 불펜 투수의 경우도 다르게 산정해야 한다고 하였으며 그 차이를 언급함. 종합적으로 다른 모든 지표들은 이 대체 선수 대비 승리 기여도를 위해 존재한다고도 할 수 있다고 함. 탐구를 통해 평소 궁금했던 세이버매트릭스를 자세히 알아볼 수 있어서 유익했다는 소감을 밝힘."
65,1,3,2,영어 독해와 작문,"영어 독해 및 작문 실력을 키우고자 인문, 사회, 과학, 및 예술 분야와 관련된 다양한 영어 독해 지문을 읽고 빈칸의 내용을 추론하여 영어로 완성해보거나 주제문을 작성하는 활동에 참여함. 환경 문제 해결을 위한 재활용 프로그램의 한계에 대해 설명하는 영어 독해 지문을 읽고 지문 속 빈칸의 내용을 추론하여 영어로 완성하기 활동에 참여하여 추론 능력 및 작문 실력을 보여줌. 또한, 운송 수단으로서의 자전거의 역할에 대해 다룬 지문을 학습한 후, 이를 환경 문제와 연관지어 독후 작문 활동 시간에 '우리나라의 자전거 인프라'라는 주제로 에세이를 작성함. 단어 및 표현의 품사와 의미를 정확하게 이해하고 있어야 완벽한 글쓰기가 가능한 활동에서 두각을 드러내었으며, 수업 중의 작문 활동에 적극적으로 참여하는 모습을 높이 평가함."
66,1,3,2,철학,"'자유롭다는 것, 그것은 어떤 장애물도 만나지 않는 것인가?'라는 주제에 대해 그렇지 않다는 자신의 견해를 발표함. 사람은 자신이 원하는 대로 행동할 때 장애물을 마주치게 되듯이 언제든지 장애물을 맞닥뜨릴 수 있으므로 그 과정에서 자유롭게 문제를 해결할 수 있다는 논지로 자신의 의견을 뒷받침함. '나는 누구인가'라는 물음에 현재 학업에 열중하면서 변화된 자신을 긍정적으로 소개하는 것으로 답함. 학생 자신은 대입 준비 과정에서 시간 관리, 컨디션 조절 등 자기 관리 능력이 증진되었고, 학업에 대해 좌절하는 순간, 실패에 대해 의연하게 대처할 수 있게 되었으며, 논리적인 사고가 생겼다고 함. '바람직한 사회는 어떤 사회인가?'라는 수업 주제에 대해 '모든 사람이 검증된 정보만을 믿고 이성적으로 판단해 상호 존중하는 사회'라고 답하며, 자기 자신은 상대를 존중하고 섣부른 판단을 하지 않는 사람이 되고 싶다는 생각도 밝힘. '생활 수칙 만들기' 수업에서 침묵, 규율, 결단, 정직, 중용, 평정을 지켜야 할 덕목으로 선정하고 자신의 급한 성격을 고치고 싶기 때문이라고 덕목 선정 사유를 밝힘. 학생 교과학습 응용사례 발표의 날(2024.07.15.) 1교시에 '우리는 왜 노래를 못 부를까?'라는 흥미로운 제목의 강의를 선택하여 수강함. 성대의 해부학적 구조와 소리를 내는 원리를 알게 되어 강의에 더욱 집중하는 모습을 보였으며 강의를 통해 배운 원리와 호흡법을 노래를 부를 때 활용해야겠다고 이야기함. 2교시에는 '우생학과 이에 대한 생물학적 비판'이라는 강의를 수강하여 현대 과학의 과점에서 복수인종설, 골상학, 우생학 등의 학설을 살펴보고 각 주장의 잘못된 점에 대해 과학적인 반박을 제시할 수 있음에 매우 흥미를 느껴 인종 차별이 근거 없는 사회적 문제임을 다시 한 번 깨달음."
67,1,3,2,심화 국어,"'서울, 1964년 겨울(김승옥)'을 선정하여 분석을 함. 인간관계 단절과 고독, 소외에 대해 적나라하게 드러낸 작품을 읽으며 작가가 중요하게 다루는 가치는 인간관계 회복임을 이해하게 됨. 사회가 서로에 대해 무관심해지고 서로를 근거 없이 물어뜯기만 하는 것에 안타까움을 느끼며 이 문제를 해결하기 위한 방안에 대해 작품과 연계시켜 생각해 보는 계기를 마련함. 글에서 자신과 사회의 문제를 해결하는 방법이나 필자의 생각에 대한 대안을 찾으며 읽음. 콤프턴 효과에 관한 지문을 읽고 활동지를 작성 (2024.07.16.)함. 빛이 파동이라 여겨지는 시기에 콤프턴은 빛인 X선을 탄소 표적에 쪼여 산란시키는 실험을 했는데, 그의 실험 결과는 X선을 파동만으로 간주하는 이론으로는 설명이 되지 않았고, 그의 실험에서 탄소 표적에서 산란한 빛은 콤프턴 이동이라 불리는 값만큼 이동한 파장을 가졌다고 요약함. 그는 이러한 현상을 운동량과 에너지 전달로 해석했는데 이것은 빛을 입자로 보는 광양자설과 부합했으며, 그의 실험은 빛이 파동과 입자의 성질을 모두 갖는다는 것을 모두가 인정하는 데 중요한 공헌을 했다고 정리함. 빛의 이중성에 관련된 다른 연구나 실험에 대해 추가로 탐구해 보고 싶다는 목표를 설정함."
68,1,3,2,심화 영어 독해 I,"정보를 주는 글, 문학, 에세이, 신문기사 등 다양한 장르의 영어 독해 지문을 읽고 주제와 관련 있는 핵심어를 찾아 요지를 파악하고 글의 주제 및 빈칸 추론 내용을 영작하는 쓰기 활동에 참여함. 일상생활에서 영어의 필요성을 깨닫고 점차 영어 공부에 대한 흥미를 키움."
69,1,3,2,세계 문제와 미래 사회,"이주민 문제를 주제로 심도 있는 탐구를 진행하였으며, 최근 이주민 문제가 점점 심각해지고 있음을 인식하고 이를 주제로 삼음. 문제의 핵심으로는 외국인 노동자에 대한 차별과 불법 체류 문제를 악용한 임금 착취가 있으며, 이주민의 강력 범죄율이 내국인보다 높은 현상도 언급됨. 이러한 문제들은 이주민에 대한 사회적 편견과 법적 미비로 인한 것이며, 인권과 공정한 대우의 부족을 원인으로 지적함. 해결 방안으로 이주노동자들의 인권을 보호하고 부당한 처우를 개선할 수 있는 국가기관의 설립을 제안함. 또한, 저출산 시대에 이주민을 단순한 사회 문제가 아니라 귀중한 인적 자원으로 인식하고 적극적으로 활용해야 한다고 강조함. 발표는 내용을 풍부하고 자연스럽게 전달하였으며, 이주민 문제에 대한 균형 잡힌 시각과 실질적인 해결 방안을 제시한 점이 인상적임."
70,1,3,2,생명과학 Ⅱ,"광합성 단원에서 광합성 색소에 대해 학습한 후, 시금치를 이용한 광합성 색소 추출 실험 활동에 적극적으로 참여함. 시금치와 아세톤을 막자사발에 넣고 잘게 으깨며 시금치 색소추출액을 진하게 추출하는 데 기여함. 광합성 색소가 전개됨을 직접 확인할 수 있어서 의미 있었다는 소감을 밝힘. 수업 중 과학 기사 분석하기 활동에서 암 치료 도구로 활용 가능한 수리종양학을 소개하는 기사를 읽고, 암 진행을 수학적으로 계산하는 수리종양학에 대해 알게 되는 계기가 됨. 수리모델을 이용하여 암을 진단하고 예측 가능하다는 점이 신기하다고 느꼈으며, 기술이 상용화되어 암으로 고통받는 많은 환자들을 하루 빨리 치료할 수 있게 되기를 소망한다고 밝힘."
71,1,3,2,지구과학 Ⅱ,"지구과학 수업에 적극적으로 참여하였으며, 특히 천문 단원에 대하여 흥미를 보임."
72,1,3,2,정보 통신,"정보과학기술의 유용성을 창의적 아이디어 제공, 문제 해결, 화재 및 사고 현장에서의 드론 활용, 군사훈련 및 게임에서의 가상현실과 증강현실 등 다양한 예시를 통해 잘 설명했음. 부정적 영향보다는 긍정적 측면을 강조한 이 학생의 주장은 기술 발전의 중요성과 혜택을 잘 이해하고 있으며, 이를 통해 더욱 발전된 사회를 기대하고 있음을 보여주었음."
73,1,3,2,기하,"원뿔을 절단하여 포물선, 타원, 쌍곡선을 얻어내고 각각의 이차곡선이 좌표평면에서 나타내는 방정식을 유도할 수 있음. 기하와 대수의 연결성을 경험하고 이차곡선의 실생활 활용을 통해 수학의 유용성과 가치를 인식하는 모습을 보임. 포물선, 타원, 쌍곡선의 정의를 알며, 정의를 이용하여 포물선을 접어보는 활동을 수행함. 쌍곡선은 두 초점으로부터 거리의 차가 일정한 집합이라는 정의를 잘 이해하고 있으며, 이를 통해 원 밖의 한 점을 잡아 접선들을 접어 쌍곡선의 형태를 완성시킴. 잡은 점과 원의 중심이 쌍곡선의 두 초점이 됨을 정의를 통해 설명할 수 있는 모습을 통해 수학적 의사소통능력의 신장을 일궈냄."
74,1,3,2,과학과제 연구,"최종 결과물로 '수면 시간과 학습 효율의 상관관계'라는 제목의 탐구보고서를 작성 (2023.11.24.) 함. 본인의 개인적인 경험에 따르면 수면 시간이 덜 확보된 날에 오히려 공부 효율이 좋고 집중력이 올라가는 날들이 더 많았던 경우가 있었는데, 대부분 많은 사람들의 경우 효율 있는 공부를 하려면 수면시간을 많이 확보하라고 주장하는 것에 대해 궁금증이 생겨 탐구를 진행하게 되었다고 함. 이에 3주간 객관적인 자료를 수집하고 이를 바탕으로 수면과 학습 효율 사이의 상관관계를 직접 비교해 보는 등, 과학적으로 문제해결을 위해 노력하는 모습을 보임. 도서 분석 활동으로는 '인포그래픽으로 보는 우주 탄생의 비밀(벤 길리랜드)' (2023.05.19.)를 읽고 부족했던 천체에 대한 지식을 충족시키는 발판이 되었다고 함. 과학자들의 경험하는 수많은 시행착오들과 그것을 극복하는 과정을 보며 감탄하였고, 암흑물질과 같은 새로운 대해서도 알게 되어 매우 유익한 시간이었다고 함. '부분과 전체(하이젠베르크)' (2023.09.08.)를 읽고는 세상의 숨겨진 진리를 탐구하는 과학자들의 모습을 보며, 철학과의 연관성에 대해서 생각해보았다고 함."
75,1,3,2,스포츠 생활,"주어진 운동 과제를 수행하고자 적극적으로 수업에 참여하며 다양한 기능을 습득하기 위해서 긍정적인 태도로 도전하는 학생임. 개인 기록 향상을 위해 배구 언더오버 토스 수업 목표를 달성하는 것에 그치지 않고 기능적으로 발전하고자 노력하여 스스로 세운 목표를 달성할 수 있는 학생임. 학급 친구들과 협력하며 팀 스포츠인 축구 및 족구 운동 과제를 연습하고 문제를 해결하려는 모습이 돋보임. 또한, 탁구 스트로크와 배드민턴 서비스와 같은 운동기능 연습에서 실패를 경험하더라도 포기하지 않고 이를 극복하는 자세를 보임. 적극적인 태도를 바탕으로 배울 수 있는 것을 습득하는 과정에 스스럼이 없는 학생이며, 어려운 난이도의 운동 수행 과제를 직면하였을 때, 포기보다는 긍정적인 태도로 도전하고자 하는 의지가 강함. 꾸준하게 노력하며 점진적으로 발전하는 모습으로 보아 성실한 학생임을 알 수 있음."
76,1,3,2,운동과 건강,"운동과 건강 수업 중 배드민턴 수업에서 하이클리어 기술을 배우며 셔틀콕을 높은 타점에서 멀리 보내는 데 중점을 두고 연습함. 처음에는 셔틀콕을 멀리 보내는 것을 매우 어려워했으나, 교사의 지도와 반복적인 연습을 통해 점차 향상됨. 하이클리어 기술을 꾸준히 연습하여 셔틀콕을 멀리 정확하게 보낼 수 있게 되었고, 다양한 기술과 융합하여 이를 통해 경기 운영 능력도 크게 향상됨. 밝고 최선을 다해 열심히 참여 하는 모습이 돋보이는 우수한 학생임."
77,2,1,1,한국사,"조선 시대 문화유산 발표에서 경복궁을 조사하여 발표함. 경복궁의 구조와 배치, 경복궁 창건과 중건의 역사적 배경, 주요 건물과 관련한 역사적 사건 등을 조사하여 설명함. 특히 근대 시기 시련을 딛고 경복궁이 본래의 모습을 되찾는 과정을 보여주어 많은 학생이 자신도 사진 속 모습처럼 한복을 대여해서 입고 경복궁을 방문하고 싶다는 동료 평가지를 작성함. 실학자들의 개혁안에 대한 사료 분석에서 개혁론을 제시한 실학자의 이름과 주장 내용을 잘 매치시켰고 중농학파와 중상학파를 정확하게 구분하여 설명함. 일제강점기 인물 발표에서 유관순 열사의 생애와 업적을 조사하여 소개함. 유관순의 삶을 연표로 정리하였고 열사가 감옥 속에서 당한 고문들을 구체적으로 소개하여 학생들의 관심과 분노를 표출하게 함. 나아가 우리가 그 시대에 살고 있었다면 과연 유관순 열사처럼 행동할 수 있었을 것인가에 대하여 고민해보는 기회를 제공함."
78,2,1,2,한국사,"조선 시대 문화유산 발표에서 경복궁을 조사하여 발표함. 경복궁의 구조와 배치, 경복궁 창건과 중건의 역사적 배경, 주요 건물과 관련한 역사적 사건 등을 조사하여 설명함. 특히 근대 시기 시련을 딛고 경복궁이 본래의 모습을 되찾는 과정을 보여주어 많은 학생이 자신도 사진 속 모습처럼 한복을 대여해서 입고 경복궁을 방문하고 싶다는 동료 평가지를 작성함. 실학자들의 개혁안에 대한 사료 분석에서 개혁론을 제시한 실학자의 이름과 주장 내용을 잘 매치시켰고 중농학파와 중상학파를 정확하게 구분하여 설명함. 일제강점기 인물 발표에서 유관순 열사의 생애와 업적을 조사하여 소개함. 유관순의 삶을 연표로 정리하였고 열사가 감옥 속에서 당한 고문들을 구체적으로 소개하여 학생들의 관심과 분노를 표출하게 함. 나아가 우리가 그 시대에 살고 있었다면 과연 유관순 열사처럼 행동할 수 있었을 것인가에 대하여 고민해보는 기회를 제공함."
79,2,1,1,국어,"평소 관심 분야인 과학 관련 도서를 읽고 서평 활동을 함. 자율주행 자동차, 기계학습 등 미래사회에서의 과학 발달에 대한 전반적인 흐름을 알 수 있으며 과학의 발전에 따라 발생할 수 있는 위험성에 대한 경각심을 느끼고 진지한 성찰이 바탕이 되어야 함을 느끼게 해 준 책이라는 요지의 서평을 씀. 야생동물의 구조와 치료에 대해 다룬 서적을 읽고 3가지 질문에 답하여 논술문을 작성함. 이 책의 내용과 최근 이슈가 되었던 사설 유기견 보호소 철거 사건을 바탕으로 동물 안락사 문제에 대한 자신의 생각을 밝힘. 동물 안락사에 대해 무조건 반대하지는 않지만 무분별하게 이루어질 경우 그 결과가 참혹할 것이라고 서술함. 또한, 사람들이 생각 없이 한 행동들이 야생동물과 생태계에 치명적인 문제를 발생시킬 수 있으므로 항상 조심해야 한다고 주장함. 수업 시간에 배운 현대시를 SNS 형식으로 정리하여 발표하는 과제에서 교사가 제시한 작품 전부를 발표하는 적극성과 성실성을 보임. 현대시 '눈', '어느 날 고궁을 나오면서', '광야'에 어울리는 이미지를 찾고 작품의 핵심 내용과 자신의 감상을 해시태그 형식으로 정리함. 자신의 관점에서 가치와 교훈을 찾아내고 그 내용을 재치 있게 표현함."
80,2,1,2,국어,"평소 관심 분야인 과학 관련 도서를 읽고 서평 활동을 함. 자율주행 자동차, 기계학습 등 미래사회에서의 과학 발달에 대한 전반적인 흐름을 알 수 있으며 과학의 발전에 따라 발생할 수 있는 위험성에 대한 경각심을 느끼고 진지한 성찰이 바탕이 되어야 함을 느끼게 해 준 책이라는 요지의 서평을 씀. 야생동물의 구조와 치료에 대해 다룬 서적을 읽고 3가지 질문에 답하여 논술문을 작성함. 이 책의 내용과 최근 이슈가 되었던 사설 유기견 보호소 철거 사건을 바탕으로 동물 안락사 문제에 대한 자신의 생각을 밝힘. 동물 안락사에 대해 무조건 반대하지는 않지만 무분별하게 이루어질 경우 그 결과가 참혹할 것이라고 서술함. 또한, 사람들이 생각 없이 한 행동들이 야생동물과 생태계에 치명적인 문제를 발생시킬 수 있으므로 항상 조심해야 한다고 주장함. 수업 시간에 배운 현대시를 SNS 형식으로 정리하여 발표하는 과제에서 교사가 제시한 작품 전부를 발표하는 적극성과 성실성을 보임. 현대시 '눈', '어느 날 고궁을 나오면서', '광야'에 어울리는 이미지를 찾고 작품의 핵심 내용과 자신의 감상을 해시태그 형식으로 정리함. 자신의 관점에서 가치와 교훈을 찾아내고 그 내용을 재치 있게 표현함."
81,2,1,1,수학,"교사의 설명을 듣다가 이해 안가는 부분이 있거나 문제를 풀다 모르는 문제가 있으면 적극적으로 질문하여 이해하고 넘어가는 등 바람직한 학습 태도를 보임. 과제를 한번도 빠짐없이 성실하게 수행하였으며 다항식의 연산, 이차부등식, 직선의 방정식, 원과 직선의 위치관계에 관한 문제를 풀고 자신의 풀이를 앞에 나와 발표함. 집합을 벤다이어그램으로 나타내고 다양한 형태의 식으로 나타내어 발표함. 집합의 서로소에 대해 알고 부분집합의 개수 구하는 문제, 합집합의 원소의 개수를 이용한 실생활 문제, 우함수와 주기함수를 알고 유리함수의 그래프를 이용해 해결할 수 있는 난이도 있는 문제, 무리함수와 그 역함수의 그래프를 이용해 해결하는 문제, 유리함수의 그래프에 대한 이해와 산술 기하 평균과의 관계를 이용한 삼각형 넓이의 최솟값 구하는 문제, 순열과 조합을 이용한 경우의 수 구하는 문제를 해결하고 급우들 앞에서 발표하는등 발표에 있어서도 적극적인 모습을 보임."
82,2,1,2,수학,"교사의 설명을 듣다가 이해 안가는 부분이 있거나 문제를 풀다 모르는 문제가 있으면 적극적으로 질문하여 이해하고 넘어가는 등 바람직한 학습 태도를 보임. 과제를 한번도 빠짐없이 성실하게 수행하였으며 다항식의 연산, 이차부등식, 직선의 방정식, 원과 직선의 위치관계에 관한 문제를 풀고 자신의 풀이를 앞에 나와 발표함. 집합을 벤다이어그램으로 나타내고 다양한 형태의 식으로 나타내어 발표함. 집합의 서로소에 대해 알고 부분집합의 개수 구하는 문제, 합집합의 원소의 개수를 이용한 실생활 문제, 우함수와 주기함수를 알고 유리함수의 그래프를 이용해 해결할 수 있는 난이도 있는 문제, 무리함수와 그 역함수의 그래프를 이용해 해결하는 문제, 유리함수의 그래프에 대한 이해와 산술 기하 평균과의 관계를 이용한 삼각형 넓이의 최솟값 구하는 문제, 순열과 조합을 이용한 경우의 수 구하는 문제를 해결하고 급우들 앞에서 발표하는등 발표에 있어서도 적극적인 모습을 보임."
83,2,1,1,영어,"표현력이 좋고 수업에 적극적으로 임하여 수업 분위기를 긍정적으로 만드는 학생이며 모둠조장으로 모둠의 과업을 적절히 분배하고 주도적으로 활동을 이끌어 감. 단원별 학습지의 모둠별 독해 활동에서 주변 친구들을 잘 가르쳐 주며 해석지를 완성할 수 있도록 배려하는 모습이 돋보임. 동물 조련사에 관한 말하기 과제에서 자신의 의견을 논리적으로 펼쳤으며, 다른 친구들의 발표를 경청하여 듣는 자세가 돋보임. 교과내용 중 'Sound Life(건전한 삶)'의 주제에 맞게 정신건강을 위해 걷기 운동을 하라는 내용을 듣고 요가에 대한 장점과 효과에 대해 간단한 영어로 요약문을 작성함. 'Beyond the Limits'의 단원을 학습할 때 로블링가의 의지와 집념이 오늘날 브룩클린 브리지를 완성하게 되고 지대한 공을 세웠다는 사실을 배우고 연대기 별로 요약하는 표를 작성함. 평소 과학적 원리에 관심이 많아 무슬림 과학자 알자자리에 대해 영어로 발표함. 기계설계자, 장인, 수학자로 알려진 그의 삶과 기계장치에 접목한 과학 원리를 영상으로 함께 알아보았으며 세면대에 쓰인 자동장치가 어떤 원리로 작동하는지, 그 과정에서 평소 일상생활에서 마주치는 물건들에 과학적 메커니즘이 적용되고 있음을 역설함."
84,2,1,2,영어,"표현력이 좋고 수업에 적극적으로 임하여 수업 분위기를 긍정적으로 만드는 학생이며 모둠조장으로 모둠의 과업을 적절히 분배하고 주도적으로 활동을 이끌어 감. 단원별 학습지의 모둠별 독해 활동에서 주변 친구들을 잘 가르쳐 주며 해석지를 완성할 수 있도록 배려하는 모습이 돋보임. 동물 조련사에 관한 말하기 과제에서 자신의 의견을 논리적으로 펼쳤으며, 다른 친구들의 발표를 경청하여 듣는 자세가 돋보임. 교과내용 중 'Sound Life(건전한 삶)'의 주제에 맞게 정신건강을 위해 걷기 운동을 하라는 내용을 듣고 요가에 대한 장점과 효과에 대해 간단한 영어로 요약문을 작성함. 'Beyond the Limits'의 단원을 학습할 때 로블링가의 의지와 집념이 오늘날 브룩클린 브리지를 완성하게 되고 지대한 공을 세웠다는 사실을 배우고 연대기 별로 요약하는 표를 작성함. 평소 과학적 원리에 관심이 많아 무슬림 과학자 알자자리에 대해 영어로 발표함. 기계설계자, 장인, 수학자로 알려진 그의 삶과 기계장치에 접목한 과학 원리를 영상으로 함께 알아보았으며 세면대에 쓰인 자동장치가 어떤 원리로 작동하는지, 그 과정에서 평소 일상생활에서 마주치는 물건들에 과학적 메커니즘이 적용되고 있음을 역설함."
85,2,1,1,통합사회,"저출산 고령화 문제를 주제로 한 수업에서 가족의 구성원이 유소년층보다 고령층이 많은 현상을 그림으로 표현하자는 아이디어를 제안하며 포스터 제작에 참여함. 저출산으로 인한 부양비 부담의 증가가 초래할 사회적 문제를 인지하고 이를 모둠원에게 설명하며 그림으로 표현하는 등 바람직한 협동학습 태도를 보임. 독도에 대하여 우리나라와 일본의 자료 등 실제 문헌과 관련한 역사적 근거를 찾아 설명함, 친구들과 마주보며 인권선언을 다짐하는 활동에 적극 참여하면서 인권이 일상속에서 구현되어야 하는 실천적 문제임을 인식함. 세계 여러 지역 주민의 다양한 생활 양식을 살펴보는 자연환경과 인간 생활 단원을 배운 후 이집트의 지도상의 지리적 위치, 기후와 관련한 지형적 특징, 다양한 문화적 특징 등에 대한 자료를 찾아 가상 여행 계획서와 보고서를 작성함."
86,2,1,2,통합사회,"저출산 고령화 문제를 주제로 한 수업에서 가족의 구성원이 유소년층보다 고령층이 많은 현상을 그림으로 표현하자는 아이디어를 제안하며 포스터 제작에 참여함. 저출산으로 인한 부양비 부담의 증가가 초래할 사회적 문제를 인지하고 이를 모둠원에게 설명하며 그림으로 표현하는 등 바람직한 협동학습 태도를 보임. 독도에 대하여 우리나라와 일본의 자료 등 실제 문헌과 관련한 역사적 근거를 찾아 설명함, 친구들과 마주보며 인권선언을 다짐하는 활동에 적극 참여하면서 인권이 일상속에서 구현되어야 하는 실천적 문제임을 인식함. 세계 여러 지역 주민의 다양한 생활 양식을 살펴보는 자연환경과 인간 생활 단원을 배운 후 이집트의 지도상의 지리적 위치, 기후와 관련한 지형적 특징, 다양한 문화적 특징 등에 대한 자료를 찾아 가상 여행 계획서와 보고서를 작성함."
87,2,1,1,통합과학,"빅뱅 우주론이 확립되기 까지의 여러 과학자들의 다양한 우주론에 대한 논쟁 과정을 정리하여 발표하고, 가모프의 빅뱅 우주론과 호일의 정상 우주론을 비교하여 설명함. 탄소의 원자가 전자 4개가 다양한 원소와 공유 결합하여 물질을 형성하는 규칙과 원리를 구조식으로 그려 표현하고 설명함, 신소재의 개발과 활용 단원 학습 후 형상기억합금에 대해 자료를 탐색함. 탄성 변형과 소성 변형의 개념을 통해 형상기억합금의 온도에 따라 안정된 결정구조가 가능한 원리를 설명하고, 장점과 함께 현재 활용되는 다양한 분야를 정리하여 보고서로 제출함. 환경과 생태계를 주제로 한 모둠별 환경 신문 제작 프로젝트에 서 먹이 관계와 생태 피라미드와 관련된 사회면 기사를 작성함. 외래종 유입으로 생태 피라미드의 평형이 깨진 사례와 관련 법안을 소개하며 생태계 평형의 중요성을 알림."
88,2,1,2,통합과학,"빅뱅 우주론이 확립되기 까지의 여러 과학자들의 다양한 우주론에 대한 논쟁 과정을 정리하여 발표하고, 가모프의 빅뱅 우주론과 호일의 정상 우주론을 비교하여 설명함. 탄소의 원자가 전자 4개가 다양한 원소와 공유 결합하여 물질을 형성하는 규칙과 원리를 구조식으로 그려 표현하고 설명함, 신소재의 개발과 활용 단원 학습 후 형상기억합금에 대해 자료를 탐색함. 탄성 변형과 소성 변형의 개념을 통해 형상기억합금의 온도에 따라 안정된 결정구조가 가능한 원리를 설명하고, 장점과 함께 현재 활용되는 다양한 분야를 정리하여 보고서로 제출함. 환경과 생태계를 주제로 한 모둠별 환경 신문 제작 프로젝트에 서 먹이 관계와 생태 피라미드와 관련된 사회면 기사를 작성함. 외래종 유입으로 생태 피라미드의 평형이 깨진 사례와 관련 법안을 소개하며 생태계 평형의 중요성을 알림."
89,2,1,1,기술·가정,학습 도우미로서 수업 및 실습이 잘 진행될 수 있도록 도움. 태교일기 작성 및 달걀아기 키우기 수행활동에서 월별 태교일기를 작성하며 개월수에 따른 임신 중 모체의 변화와 태아의 변화에 대하여 알게 됨. 달걀 아기집을 튼튼하게 만들고 조심스럽게 보살피며 자신을 임신하셨을때의 부모님의 마음을 조금이나마 유추해 볼 수 있었고 소감문에 부모님께 사랑과 감사의 마음을 표현함. 첨단생명기술 조사 발표 시간에 핵이식 기술과 유전자 재조합 기술 대해 조사하고 프레젠테이션 자료를 만들어 발표함. 핵이식 기술과 유전자 재조합 기술의 원리와 과정에 대하여 설명하였고 적용된 사례를 소개함.
90,2,1,2,기술·가정,학습 도우미로서 수업 및 실습이 잘 진행될 수 있도록 도움. 태교일기 작성 및 달걀아기 키우기 수행활동에서 월별 태교일기를 작성하며 개월수에 따른 임신 중 모체의 변화와 태아의 변화에 대하여 알게 됨. 달걀 아기집을 튼튼하게 만들고 조심스럽게 보살피며 자신을 임신하셨을때의 부모님의 마음을 조금이나마 유추해 볼 수 있었고 소감문에 부모님께 사랑과 감사의 마음을 표현함. 첨단생명기술 조사 발표 시간에 핵이식 기술과 유전자 재조합 기술 대해 조사하고 프레젠테이션 자료를 만들어 발표함. 핵이식 기술과 유전자 재조합 기술의 원리와 과정에 대하여 설명하였고 적용된 사례를 소개함.
91,2,2,1,문학,소설의 사회·문화적 배경을 알고 인물의 행동을 공감적으로 수용하며 그 결과를 급우들과 상호 소통하면서 작품에 관한 이해를 심화함. 농지를 사이에 둔 신구 세대 간 갈등과 물질주의적 세태를 보여주는 단편 소설을 읽고 소재의 함축적 의미와 전지적 작가시점의 특징에 대해 확실히 알 수 있었으며 다른 주장을 펼치는 두 인물의 논거를 사실과 진실로 나누는 활동을 통해 다양한 인간에 대해 이해를 하게 되었다고 말함. 글을 읽고 주제를 정확하고 신속하게 파악하며 자신의 생각을 참신한 표현과 논리적 구성으로 글쓰기를 함.
92,2,2,1,수학 I,"성실하고 바른 태도로 수업에 참여하고 차분하게 수학 문제를 푸는 학생임. 제한된 범위에서 지수함수와 로그함수의 최댓값과 최솟값을 구하는 과정을 설명하고 주어진 실수의 거듭제곱근을 구하는 과정을 서술함. 주어진 각의 동경을 좌표평면에 나타내어 삼각함수의 값을 일반적으로 구하려고 노력함. 사인법칙과 코사인법칙을 알고, 이를 활용하여 간단한 문제를 해결하는 방법을 학습함. 자연수의 거듭제곱의 합과 시그마의 성질을 활용하여 여러 가지 수열의 합을 구하는 내용을 학습하며 수학 문제를 열심히 풀겠다는 다짐을 함. 규칙을 발견하여 합의 기호로 정리해서 해결하는 여러 가지 수열 문제를 발표하고 등차수열과 등비수열과 관련된 문제에서 자신만의 풀이 방법 다른 친구들과 공유함."
93,2,2,1,확률과 통계,'수학신문 만들기' 시간에 파스칼의 삼각형에 대해 소개하는 기사를 작성함. 이항계수를 삼각형 모양으로 배열한 것이 파스칼의 삼각형이며 이를 일반적인 식으로 나타냄. 또한 파스칼의 삼각형을 이용하여 식을 전개해보고 파스칼의 삼각형 속에서 하키스틱 패턴을 찾아보는 활동을 소개함.
94,2,2,2,확률과 통계,'수학신문 만들기' 시간에 파스칼의 삼각형에 대해 소개하는 기사를 작성함. 이항계수를 삼각형 모양으로 배열한 것이 파스칼의 삼각형이며 이를 일반적인 식으로 나타냄. 또한 파스칼의 삼각형을 이용하여 식을 전개해보고 파스칼의 삼각형 속에서 하키스틱 패턴을 찾아보는 활동을 소개함.
95,2,2,1,영어 I,"세계의 무형 문화유산을 소개하는 영문을 학습하고 한국의 문화유산을 소개하는 글을 작성하는 활동에서 적절한 어휘와 언어 형식을 활용하여 유네스코 세계 기록 유산으로 등록되어 있는 훈민정음에 대하여 소개하는 글을 작성함. 어휘와 구문을 학습하고 글의 전반적인 의미를 파악하여 발표함으로써 수업이 원활하게 진행될 수 있도록 기여함. 독해 활동을 통해 일반적 주제에 관한 글을 읽고 사실 정보를 바탕으로 필자의 심정이나 태도, 의도나 목적을 대략적으로 파악하고, 읽기전략을 활용하여 낱말, 어구 또는 문장의 함축적 의미를 추론하는 능력을 보임. 온라인을 통해 숙박 공유 서비스를 제공하는 회사 창업자의 연설을 듣고 숫자 정보, 장소, 인물, 사건 등에 대한 세부 정보를 대략적으로 파악하며 핵심어구를 받아적고, 성공의 열쇠가 된 것은 다름아닌 평판 시스템 활용이라는 연설의 주제를 정확하게 이해함. 한 학기 목표에 대한 영어에세이를 작성하며 영어 성적을 향상시키기 위해 매일 40개의 영어단어를 외우고 정기적으로 영어 학습을 하겠다는 목표를 정함."
96,2,2,1,화학 I,"모둠 활동에 적극적으로 참여하여 자신의 의견을 제안하고 결과물을 발전시키기 위해 노력함. 열 출입 장치 고안 활동에서 일상생활에서 불편했던 경험을 바탕으로 발열 방석을 제안함. 온수 매트에서 아이디어를 얻어 제품의 구조를 설계하기 위해 관련 논문을 찾아 분석하는 과정에서 지식 정보 처리 능력이 향상됨. 이후 제품에서 발생하는 실제 발열량을 계산하는 정량적인 접근을 시도하였고, 제품 사용 시 발생할 수 있는 문제점들을 보완하고자 노력하여 완성도 높은 제안서를 제출함. 과제를 수행하면서 하나의 발상이 제품화 되기까지 여러 가지 요인을 복합적으로 고려하기 위해 관련 지식을 기반으로 합리적인 의사 결정 과정이 필요하다는 것을 깨닫고 공학적 설계의 기초를 다짐. 평소 자신이 사용하는 화장품 속 성분인 파라벤에 대해 깊이 있게 탐구하고자 관련 서적을 읽고 유용성과 유해성을 균형 잡힌 시각으로 정리함. 이 과정에서 파라벤과 관련된 논란을 접하고 근거 자료가 되는 실험 과정에 대해 살펴보면서 비판적인 시각을 가지고 합리적인 의사 결정을 하고자 노력해야 하며, 이런 자세를 위해서는 충분한 과학 지식이 뒷받침되어야 함을 깨닫고 관련 학습 의욕이 향상됨."
97,2,2,2,화학 I,"모둠 활동에 적극적으로 참여하여 자신의 의견을 제안하고 결과물을 발전시키기 위해 노력함. 열 출입 장치 고안 활동에서 일상생활에서 불편했던 경험을 바탕으로 발열 방석을 제안함. 온수 매트에서 아이디어를 얻어 제품의 구조를 설계하기 위해 관련 논문을 찾아 분석하는 과정에서 지식 정보 처리 능력이 향상됨. 이후 제품에서 발생하는 실제 발열량을 계산하는 정량적인 접근을 시도하였고, 제품 사용 시 발생할 수 있는 문제점들을 보완하고자 노력하여 완성도 높은 제안서를 제출함. 과제를 수행하면서 하나의 발상이 제품화 되기까지 여러 가지 요인을 복합적으로 고려하기 위해 관련 지식을 기반으로 합리적인 의사 결정 과정이 필요하다는 것을 깨닫고 공학적 설계의 기초를 다짐. 평소 자신이 사용하는 화장품 속 성분인 파라벤에 대해 깊이 있게 탐구하고자 관련 서적을 읽고 유용성과 유해성을 균형 잡힌 시각으로 정리함. 이 과정에서 파라벤과 관련된 논란을 접하고 근거 자료가 되는 실험 과정에 대해 살펴보면서 비판적인 시각을 가지고 합리적인 의사 결정을 하고자 노력해야 하며, 이런 자세를 위해서는 충분한 과학 지식이 뒷받침되어야 함을 깨닫고 관련 학습 의욕이 향상됨."
98,2,2,1,생명과학 I,"커피 찌꺼기의 냉장고 속 음식물 냄새 제거 효과를 확인하는 탐구 설계 활동에서 적절한 대조 실험, 변인 설정 등을 통해 실험 결과의 타당성을 높이는 탐구를 설계하고 결과에 영향을 주는 여러 가지 요인을 분석하여 과학적인 결론을 도출함. 사람의 주요 호르몬 결핍과 과잉에 따른 질환을 조사하여 발표하는 활동에서 갑작스러운 당뇨병 발병 및 악화와 관련되어 있는 췌장암에 대해 정리하여 발표함."
99,2,2,2,생명과학 I,"커피 찌꺼기의 냉장고 속 음식물 냄새 제거 효과를 확인하는 탐구 설계 활동에서 적절한 대조 실험, 변인 설정 등을 통해 실험 결과의 타당성을 높이는 탐구를 설계하고 결과에 영향을 주는 여러 가지 요인을 분석하여 과학적인 결론을 도출함. 사람의 주요 호르몬 결핍과 과잉에 따른 질환을 조사하여 발표하는 활동에서 갑작스러운 당뇨병 발병 및 악화와 관련되어 있는 췌장암에 대해 정리하여 발표함."
100,2,2,1,지구과학 I,"관측 자료를 활용하여 한반도의 기후 변화 경향성을 파악하는 탐구 활동에서 관측 자료를 면밀히 분석하여 선입견을 배제한 후 한반도의 기후 변화는 어떤 경향을 보이는지 객관적으로 잘 파악하였으며, 전 지구적인 기후 변화와 우리나라의 평균 기온 변화 그래프와 강수량 변화 그래프를 비교하여 우리나라의 기후 변화가 더 크다는 것을 추정하는 과정에서 과학적 사고력을 발휘하였음. 또한 한 지역의 기후 변화 경향성을 파악하기 위해서는 여러 자료를 다년간 분석하고 해석해야하는 과정을 거쳐야 함을 알게 되었음. 다양한 은하 사진을 이용하여 은하를 분류하는 탐구 활동에서 외부 은하의 형태가 다양함을 이해하였고, 독창적으로 분류 기준을 세우고, 그 기준에 따라 명확하게 은하를 분류하였음. 은하를 분류해 봄으로써 우주에 대한 호기심과 흥미를 갖게 되었음."
101,2,2,2,지구과학 I,"관측 자료를 활용하여 한반도의 기후 변화 경향성을 파악하는 탐구 활동에서 관측 자료를 면밀히 분석하여 선입견을 배제한 후 한반도의 기후 변화는 어떤 경향을 보이는지 객관적으로 잘 파악하였으며, 전 지구적인 기후 변화와 우리나라의 평균 기온 변화 그래프와 강수량 변화 그래프를 비교하여 우리나라의 기후 변화가 더 크다는 것을 추정하는 과정에서 과학적 사고력을 발휘하였음. 또한 한 지역의 기후 변화 경향성을 파악하기 위해서는 여러 자료를 다년간 분석하고 해석해야하는 과정을 거쳐야 함을 알게 되었음. 다양한 은하 사진을 이용하여 은하를 분류하는 탐구 활동에서 외부 은하의 형태가 다양함을 이해하였고, 독창적으로 분류 기준을 세우고, 그 기준에 따라 명확하게 은하를 분류하였음. 은하를 분류해 봄으로써 우주에 대한 호기심과 흥미를 갖게 되었음."
102,2,2,1,일본어 I,"일본어 인사송을 듣고 열심히 따라함. 일본어의 기본적인 인사표현을 시간에 따라 말할 수 있음. 인사, 소개 등과 관련된 기본표현 쓰기 수행평가에서 자신의 이름, 가족, 국적, 취미를 어법에 맞게 표현함."
103,2,2,2,일본어 I,"일본어 인사송을 듣고 열심히 따라함. 일본어의 기본적인 인사표현을 시간에 따라 말할 수 있음. 인사, 소개 등과 관련된 기본표현 쓰기 수행평가에서 자신의 이름, 가족, 국적, 취미를 어법에 맞게 표현함."
104,2,2,2,언어와 매체,분단의 아픔을 담은 영상 매체를 보고 가족의 이념 대립을 다룬 소설을 찾아 읽었으며 소설 속 인물의 대화에 나오는 방언을 표준어로 바꾸어 보고 방언의 순기능에 대해 인지함. 이념 갈등이 가족애까지 파괴하는 내용을 통해 전쟁은 어떤 이유로도 정당화될 수 없으며 우리 땅에 전쟁이 발발해서는 안 된다는 내용의 소감문을 제출함. 일상에서 사용되는 차별적 언어 표현을 바꿔보는 활동에 적극 참여하여 소통의 부재로 인한 사회 문제를 해결할 수 있는 방법에 대해 고민하고 상대를 배려하는 언어생활로 공정하고 살 만한 사회를 만들어야겠다고 다짐함. 대중 매체별 소통 방식의 차이와 매체 언어의 창의적 표현 및 심미적 가치를 확인하고 매체 자료의 수용과 생산 방법을 통해 매체 자료를 주체적으로 향유하는 태도를 익힘. 자음과 모음을 구분하는 원리에 대해서 호기심을 갖고 학습에 임하고 표준 발음을 익혀 올바른 언어 사용을 생활화함. 언어가 의사소통의 도구임을 인지하고 한글의 제자 원리를 익히면서 한글의 과학성과 우수성에 대해 감탄함.
105,2,2,2,수학 Ⅱ,"사잇값의 정리를 활용하여 실생활 문제 해결하기, 함수의 연속성을 이해하고 불연속 점을 갖는 함수의 그래프를 보고 불연속인 이유를 설명함. 다항함수의 그래프 위에서 주어진 점에서의 접선의 방정식 구하기, 미지수를 포함하고 있는 방정식 문제에서 함수의 그래프를 그리고 근의 부호를 판별하기, 곡선 위의 점을 변수로 잡아 함수식을 세운 후 미분을 활용하여 최댓값 구하기, 수직선 위를 움직이는 점의 위치를 나타낸 식을 미분하여 속도와 가속도 구하기, 입체도형의 부피가 최대가 되기 위한 조건을 미분을 활용하여 구하기, 도함수가 주어진 함수를 부정적분하여 함수 구하기 등 한 학기 동안 전 영역에 서 꾸준히 발표 활동에 참여함."
106,2,2,2,영어 독해와 작문,"자신의 진로 및 관심 분야의 영문 기사를 읽고 요약문을 작성하는 활동에서 한국에 유일하게 남아있는 북극곰이 올해 말 영국의 야생 동물 공원으로 이동할 것이라는 내용의 영문 기사를 읽고 키워드를 잘 찾아 주제, 뒷받침 내용, 편집자 의견의 3단 구성으로 요약문을 작성함, 반려동물에 대한 영어 지문을 읽고 반려동물을 기르는 것에 대한 찬반의 입장을 정리하며 생각의 폭을 넓힘. 성장적 마음가짐과 고정적 마음가짐에 대한 영어 지문을 이해하고 둘의 차이점을 대조적으로 잘 정리하였고, 끊임없이 배우고 도전하는 마음가짐을 가지겠다는 소감문을 작성함. 영어 문장에서 도치가 일어나는 경우를 예문을 통해 잘 이해하고 도치된 문장의 수일치에 유의하며 문장 작성을 연습함. 원격수업의 효과에 대한 영어에세이에서 수업에 집중하기 어렵다는 것과 장시간 컴퓨터 앞에 앉아서 학습하는 것은 건강에 좋지 않다는 점을 들어 학습에 효과적이지 않다는 문단을 작성함."
107,2,3,1,독서,"단편소설 탐구활동으로 '비 오는 날이면 가리봉동에 가야 한다'의 전문을 읽고, 모둠원들과 토의한 내용을 바탕으로 소설의 줄거리를 요약하여 발표함. PPT 자료를 활용하여 전체 줄거리를 소개하고 자신이 인상 깊게 읽은 부분을 발췌하여 부연 설명함. 또한 작품에 나타나는 '공감의 플롯'을 설명함. 개인 서평에서는 '임 씨'가 돈을 많이 받지 않은 이유, 작품 말미에 나온 으악새 할아버지의 비명 소리의 의미 등에 대한 자신의 생각을 서술함. 또한 작품이 우리 사회의 부익부 빈익빈, 즉 벗어날 수 없는 가난의 굴레에 대해 이야기하고 있다는 감상을 서술함. 비행기의 착륙에 대한 글을 읽고 내용을 분석한 뒤 글의 내용과 독서 전략, 자신이 흥미를 갖고 있는 분야나 실생활과 관련지어 심화탐구한 내용 등을 발표하는 활동을 수행함."
108,2,3,1,미적분,"수열의 수렴과 발산, 급수에 대한 뜻을 알고 수열의 극한에 관한 간단한 문제를 해결하려고 노력함. 그래프 개형에 대한 이해를 바탕으로 방정식과 부등식에 대한 여러 가지 문제를 해결하는 활동에 참여함. 부분적분법을 이해하고, 이를 활용하여 함수의 부정적분과 정적분을 구하는 활동에 관심을 가짐. 정적분과 급수의 합 사이의 관계를 이해하고, 이를 활용하여 여러 가지 급수의 합을 구하는 활동에 참여함."
109,2,3,1,영어Ⅱ,"직원들의 여가 활용에 관한 지문을 읽고, 간략하게 내용을 정리하여 발표하면서, 워라밸(Work-Life Balance)이 중요한 시대에 살고 있는 우리 세대에게는 특히 여가 시간이 필요하다는 자신의 의견을 제시함. 시에스타를 사례로 들어 작업의 효율성 향상을 위해서는 적절한 여가활용이 필수적이라고 주장함."
110,2,3,1,생활과 윤리,"즉석 집단 토론에 참여하여 분배적 정의에 관한 자신의 입장을 명백히 밝힘. 한정된 가치에 관한 합리적인 분배는 '사회적 가치를 위해 제일 열심히 노력한 사람' 이라며 칸트주의적 입장을 견지함. 이후 롤스와 노직의 입장에서 핀란드의 기본소득제도를 분석하였고 한국사회의 빈부격차 문제를 해결하기 위해 찬성의 입장을 취함. 자유토론을 귀기울여 듣고 토론 내용을 성실하게 토론 흐름표로 작성하였으며 최고 디베이터를 선정하는데 기여함. 토론 이후 열린 마음을 가지고 사회주의, 공리주의적 입장의 장점에 지지하였으며 올바른 자세와 타협의 자세가 모범이 되었음."
111,2,3,2,생활과 윤리,"즉석 집단 토론에 참여하여 분배적 정의에 관한 자신의 입장을 명백히 밝힘. 한정된 가치에 관한 합리적인 분배는 '사회적 가치를 위해 제일 열심히 노력한 사람' 이라며 칸트주의적 입장을 견지함. 이후 롤스와 노직의 입장에서 핀란드의 기본소득제도를 분석하였고 한국사회의 빈부격차 문제를 해결하기 위해 찬성의 입장을 취함. 자유토론을 귀기울여 듣고 토론 내용을 성실하게 토론 흐름표로 작성하였으며 최고 디베이터를 선정하는데 기여함. 토론 이후 열린 마음을 가지고 사회주의, 공리주의적 입장의 장점에 지지하였으며 올바른 자세와 타협의 자세가 모범이 되었음."
112,2,3,1,한문 I,성어를 활용한 글쓰기에서 현대 사회의 문제점으로 가족 간의 유대감의 상실을 지적하며 '반포지효'를 활용하여 부모님에게 감사하는 마음을 가지고 가족 간의 연대를 강화하기 위해 노력해야 한다고 주장함. 좌우명 찾기 활동에서 '우공이산'을 좌우명으로 선정하고 앞으로 자신도 우공이 끊임없는 노력으로 산을 옮긴 것처럼 열심히 노력하여 꿈을 이루겠다고 다짐함.
113,2,3,2,한문 I,성어를 활용한 글쓰기에서 현대 사회의 문제점으로 가족 간의 유대감의 상실을 지적하며 '반포지효'를 활용하여 부모님에게 감사하는 마음을 가지고 가족 간의 연대를 강화하기 위해 노력해야 한다고 주장함. 좌우명 찾기 활동에서 '우공이산'을 좌우명으로 선정하고 앞으로 자신도 우공이 끊임없는 노력으로 산을 옮긴 것처럼 열심히 노력하여 꿈을 이루겠다고 다짐함.
114,2,3,2,화법과 작문,"주제와 목적, 예상 독자, 작문 맥락 등을 종합적으로 고려하여 효과적으로 자기를 소개하는 글쓰기 활동에 참여함. 3년간의 학교생활 동안 자신의 관심 분야인 바이오메카트로닉스와 관련하여 진로를 설계하고 준비한 과정을 돌아보고, 원래 동물에 관심을 갖고 있다가 생명공학에 흥미를 갖게 되고 바이오메카트로닉스라는 학과를 알게 된 계기와 자신이 의미를 두고 진로를 위해 노력했던 활동, 그리고 관련 학과에서 배우는 내용과 자신이 추후 연구하고 싶은 분야를 정리하여 표현함."
115,3,1,1,국어,"학습에 대한 열의가 높고, 궁금한 것에 대해 그냥 넘어가지 않고 적극적으로 친구들과 이야기를 나누고, 교사에게 질문을 하는 등 학습에 임하는 태도가 매우 진지함. 원격수업이 진행될 때에도 적극적으로 댓글을 달며 질문을 하고, 응답을 하는 등 수업에 참여하는 태도가 타의 모범이 됨. 음운 변동에 내재된 원리와 규칙을 이해하고, 이를 실제 의사가 되고 싶은 계기를 담은 언어생활에서 음운의 축약과 탈락, 교체 등에서 정확하게 발음하고 표기함. 또한 문법 요소의 특성을 능동적으로 탐구하고 적극적으로 이를 내면화할 뿐 아니라 의사가 되고 싶은 계기와 자신의 꿈을 이루고 싶은 다짐을 담은 글쓰기에서 시간 표현, 높임 표현, 인용 표현, 피동 표현, 사동 표현 등을 활용하여, 실제 담화 상황에서 이를 적절하고 효과적으로 활용하는 능력이 뛰어남. 시집 구술평가, 모방시 쓰기, 수필 쓰기, 광고 분석하기, 소설 읽고 토의하기, 십자말풀이 등 수업 중 모든 활동에서 뛰어난 역량을 보여줌. 특히 '허생전'을 배운 후 한 줄짜리 원작의 결말을 몇 년 후 허생이 이완과 화해하고 과거 급제 후 자신이 뜻한 바를 모두 이룬다는 결말로 개작할 때 인물의 심리 묘사와 상황 전개가 매우 흥미진진하고 인상적임."
116,3,1,1,수학,"(1학기) 수학: 한결같이 진지한 태도로 수업에 임하고 지속적인 질문과 연습으로 수학 학습에 대한 열의를 보임. 다항식의 사칙 연산에 대한 성질, 나머지 정리를 활용한 문제 해결력이 매우 탁월하고 풀이 과정을 설득력 있게 잘 전달함. 근과 계수와의 관계를 이용하여 식의 값을 구하는 상황을 발표하며 다양한 해결방법을 제시함. 이차방정식의 판별식을 이용하여 이차함수의 그래프와 직선의 위치관계를 알아내는 방법을 다른 친구들에게 자세히 설명하여 이해를 돕는 등 의사소통 능력이 뛰어남. 한 학기 동안 학습한 내용을 정리하며 학습 의지를 다짐하는 내용의 수학 일기를 작성하며 자기주도학습에 적극적임."
117,3,1,2,수학,(2학기) 수학: 항상 성실하고 반듯한 자세로 수업에 참여했으며 과제를 수행하는 데 있어 적극적인 모습과 끈기를 보여주었음. 어려운 도형의 방정식 문제에도 도전하여 문제해결을 위해 노력하였고 그 풀이를 설명함. 집합을 다양한 방식으로 표현하고 관련된 기호를 정확하게 사용할 수 있음. 유리함수 및 무리함수의 그래프를 그리고 그 성질을 이용하여 문제를 해결하였으며 유리함수의 역함수 구하는 방법을 증명을 통해 유도해 봄. 또한 순열과 조합을 이용하여 다양한 문제를 만들어보고 해결하는 과정을 제시함.
118,3,1,1,영어,"(1학기) 영어: 작년에 다녀온 수학여행에서의 인상깊었던 것에 대해 작성한 글을 약 180단어로 작성함, 시간의 순서에 따라 여정을 잘 기록했으며, 무엇을 보고 느꼈는지 잘 드러나있음. 관계대명사, 분사 구문 등을 잘 활용했으며 시제의 일관된 사용으로 시제 사용이나 문법 등에 오류가 거의 없음. 요즘 여성뿐 아니라 남성 화장품 시장도 커지고 있는 이 시대에 본인의 화장품에 대한 관심과 화장품 연구원이 되고 싶다는 꿈을 피력하는 짧은 발표를 함."
119,3,1,2,영어,"(2학기) 영어: 친숙한 일반적 주제에 관한 길고 복잡한 말이나 대화를 듣고, 대상이나 사건 등에 대한 세부 정보를 정확하게 파악할 수 있으며, 사실과 맥락에 근거하여 주제 및 요지를 파악하는 능력이 뛰어남. 길이가 길거나 복잡한 구문에 대해서도 이해력이 높아 전체적인 글의 흐름을 바탕으로 내용의 논리적 관계를 정확하게 파악하는 능력이 우수함, 바르고 적극적인 수업태도로 영어학습지를 성실하게 작성하였으며, 일상적인 대화나 담화를 듣고 빈칸 채우기를 하거나 요지를 파악하는 훈련을 꾸준히 하는 등 자기 주도적으로 노력하는 모습이 돋보임."
120,3,1,1,한국사,"(1학기) 한국사: 수업 준비가 항상 잘 되어있고 차분하게 수업을 경청하는 태도가 돋보임. 역사적 맥락을 잘 파악하여 이해하는 역량이 있어 수업 중 활동지를 적극적으로 잘 작성함. 1학기 논술형 시험에서 9개 제시문의 내용과 특징을 잘 파악하고 분류하는 능력이 뛰어나며, 자신이 가진 역사적 지식을 활용하여 생각을 잘 피력함. 1학기 과정중심평가의 한 꼭지로 신민회에 관한 '한국사 미니북 만들기' 활동에 적극적으로 참여하였으며, 신민회 활동 내용의 핵심을 잘 파악하여 소주제별로 짜임새 있는 가독성 높은 우수한 미니북을 제작함."
121,3,1,2,한국사,"(2학기)한국사: 매번 수업 준비가 잘 되어있고 차분하게 수업을 경청하는 태도가 돋보임. 온라인수업에도 잘 참여하고, 활동지 등 과제를 수행하여 제 시간에 맞춰 제출하는 성실성과 책임감 있는 우수한 학생임. 과정중심평가로 '6월 민주 항쟁'에 관한 인포그래픽스 제작활동을 함. 6월 민주 항쟁을 한 눈에 파악할 수 있도록 도식화하여 우수하게 잘 표현함. 논술형 문제로 출제된 '금 모으기 운동'에 관해 제시문을 잘 파악하여 시각에 따른 분류를 잘함. 이 운동의 의의에 대해 제시문을 활용하여 자신의 의견을 잘 피력하고 출제자의 의도를 파악하여 논술하는 역량이 돋보임."
122,3,1,1,통합사회,"통합사회: 모르는 내용은 항상 정확하게 이해하고 넘어가려고 하며 질문을 통해 주어진 답만 알기보다 스스로 더 나은 다른 방법에 대해서도 생각해보는 적극적인 자세를 지님. 일하기 좋은 환경을 만들기 위한 글쓰기에서 택배노동자의 열악한 삶을 다룬 신문기사를 선택하여 안전하게 일할 권리와 건강권 침해를 문제점으로 지적함. 빠른 배송에 대한 사람들의 근본적인 인식 변화가 선행되어야 하며 현실적인 배송량 할당이 이루어져한다는 의견을 개진함. 노동 환경 개선이 노동자, 기업, 정부에 가져올 긍정적 영향에 대해 논리적으로 분석함. 다른 나라를 소개하는 웹포스터 제작에서 일본에 대한 기본조사를 충실하게 한 후 일본의 대표명소를 중심으로 문화적 특성이 잘 드러나도록 표현함. 환경 문제의 해결을 위한 노력을 주제로 한 글쓰기 활동에서 북극을 사례로 지구온난화 문제에 대해 논함. 인공지능 개발에 관한 찬반 주장 말하기 활동에서 반대의 입장을 선택하여 논의를 전개함. 인공지능이 인간의 모든 능력을 대체할 수 없음을 사례를 들어 제시하고, 인간의 일자리가 위협받는 사태를 근거로 들어 주장을 뒷받침함. 인공지능 개발의 긍정적인 측면도 함께 언급함으로써 균형 잡힌 시각으로 토론에 참여하는 태도를 갖춤."
123,3,1,1,통합과학,"통합과학: 바른자세로 성실하게 수업에 임하며, 쌍방향 실시간 수업에서도 교사의 질문에 적극적으로 대답하는 모습을 보여줌. 발전과 신재생에너지 단원에서 배우는 내용들이 실생활과 어떻게 연결되는지를 고민함. 수학적인 능력도 우수하여 전기 회로를 이해하고 손실전력을 계산하는 문항도 잘 풀이함. 전자기 유도에 대한 실험 수행 후, 현상에 대한 실험결과 분석을 바탕으로 유도기전력의 크기와 방향을 결정하는 요인들을 정확하게 설명하고 터빈과 발전기에서 전기에너지가 생성되는 원리를 자세하게 기술함. 효소의 특성을 알아보기 위한 실험에 적극적으로 참여하여 변인을 통제하고 효소와 기질의 관계에 대해 이론에 바탕하여 설명함. 뜀틀을 이용해 일상생활에서 활성화에너지 차이를 경험할 수 있는 비유를 만듦. 물질은 원소들로 이루어져 있으며, 원소들의 성질이 주기성을 나타내는 현상을 관찰하여 자연의 규칙성을 찾아냄. 화학 결합 형성 이유를 18족 원소의 안정성과 관련하여 설명하고, 화학 결합의 종류를 추론하여 이온 결합 물질과 공유 결합 물질의 성질을 비교함. 물질의 다양한 변화를 산화 환원 반응의 측면에서 분석하여 설명함. 산과 염기를 섞었을 때 일어나는 변화를 해석하여 중화 반응으로 설명함."
124,3,1,1,과학탐구실험,"(1학기)과학탐구실험: 클라우드 컴퓨팅 방식으로 구동되는 오픈소스 3D 모델링 프로그램을 활용하여 3D 모델링을 실습하였으며, 3D 프린팅을 위한 슬라이싱 프로그램 사용법과 프린터 사용법을 익힘. 매 시간 수업시간에 배운 내용을 꼼꼼하게 정리하고 느낀점을 기록하였으며, 등교수업뿐만 아니라 쌍방향 온라인 수업에도 적극적으로 참여함. 3D 모델링 프로그램의 다양한 기능 및 3D 프린팅 방법에 대해 잘 알고 있으며, 능숙하게 사용함. 에너지 전환을 이용한 놀이도구 만들기 활동에서 페달을 밟으면 불이 켜지는 자전거를 3D 모델링 프로그램을 이용하여 모델링하였음."
125,3,1,2,과학탐구실험,"(2학기) 과학탐구실험: 조별 활동을 통해 조원들과 협력하여 인공지능 코딩배열을 완성함. 카미봇 인공지능 로봇과 코딩 프로그램을 연결하여 기계 학습 모델을 적용하여 탐구함. 분리수거 로봇, 음성인식 로봇 등 실생활에 적용되는 사례들을 접목시킨 활동에 흥미를 보임."
126,3,1,1,정보,정보: 다가오는 미래 정보사회를 바르게 이해하고 바람직한 정보 윤리의식을 가지고 있으며 주어진 파이선(Python) 프로그램 과제를 협력적으로 설계하고 처리 과정에 필요한 명령문을 활용하여 효율적인 방법으로 프로그램을 작성함.
127,3,2,1,음악,"음악: 학년 초 자발적 참여로 진행된 '랜선 연주 발표 수업'에 자원하여, 리코더 연주를 영상으로 제작 발표하여 감동과 힐링을 주었으며, 타 학급 온라인 수업에도 발표되어 긍정적 영향과 공감을 줌. 이는 전교생 중 5명만 자원할 정도로 비대면 수업에서 결단이 필요한 도전으로, 온라인 수업의 조력자 역할을 함. '컵타 창작 리듬' 수행에서 자신의 선정 음악에 어울리는 다양한 리듬을 창작, 매시간 집중력을 가지고 연습하여 수준 높은 연주를 영상으로 발표함. '음악으로 나를 표현하기' 발표 수업에서 소프라노 리코더 연주를 통하여 부드러운 텅잉 주법, 안정된 고음처리, 긴 호흡의 프레이징 연결 등 곡의 분위기를 살려 음악적 감수성을 표현함. 난이도 높은 곡에 도전하여 준비과정 동안 어려운 고음처리 주법을 고민하고 해결, 연습에 몰입하여 연주를 완성 시킴. 1인 제작 '보이는 라디오 음악방송' 수행에서 사연 및 음악 소개, 청취자 댓글, 패널 토크 코너를 넣어 창의적으로 기획하여, 프로듀서, 진행자, 작가, 음악 감독, 기술, 편집 역할을 모두 소화하며 1인 방송 프로그램을 영상으로 우수하게 제작함. 기획 단계 아이디어가 독창적이고, 본인의 방송 주제와 연관된 사연 및 시나리오를 설득력 있게 창작하고 구성함."
128,3,2,1,독서,"(1학기)독서: 밝은 표정과 곧은 자세로 수업에 임하여 수업의 분위기를 활기 있게 해주며, 다른 친구들의 학업을 돕는 데 최선을 다하는 매우 모범적인 학생임. 자신의 독서 목적을 명확히 인식하여 자신에게 적합하고 가치 있는 글 '망막 신경 조직층의 반응 과정'을 선택하여 독서 활동을 실시함. 글의 화제를 재빠르게 파악하며, 글의 명시적 정보를 바탕으로 1-6문단의 중심 내용을 정리하고, 처음, 중간, 끝의 내용을 파악하는 등 사실적 읽기 능력이 매우 뛰어남. 특히 글에 나타난 표현법인 '비교, 대조, 예시, 구분, 정의' 등을 찾고 그 효과를 명확하게 인식하며, 글쓴이의 숨겨진 의도 '망막의 신경 조직층이 중요함. '을 파악하여 독서 활동지를 작성함."
129,3,2,2,독서,"(2학기)독서: 명석한 두뇌와 뛰어난 집중력으로 탁월한 능력을 발휘하는 학생으로, 장기적인 독서 계획을 세워 자발적으로 독서를 실천하고자 '소독약의 화학적 원리'를 읽고 독서 활동을 실시함. 소독약 중 과산화수소, 포비돈의 성분과 그것이 상처 를 소독하는 원리를 상세하게 정리하면서 제재의 객관성을 확인함. 글을 읽고, 다른 소독약은 무엇이 있을지, 활성 산소가 병 원균을 파괴하는 원리에 대한 궁금증을 제시하며, 더 깊은 독서를 통해 궁금증을 해소하고자 하는 내용의 독서 활동지를 제출 함."
130,3,2,1,문학,"문학: 수업 시간에 배운 지식을 단순히 이해하고 암기하는 데에 그치지 않고 몇 단계 더 나아가 주어진 사실을 비틀어 보거나 지식을 확장하려는 탐구 정신을 가지고 있는 학생임. 문학을 사랑하여 작품에 대한 이해가 깊고 공감 능력이 뛰어나며 시를 자신만의 방식으로 이해할 줄 앎. 소설 '씬짜오 씬짜오'와 '난장이가 쏘아 올린 작은 공'의 원문을 읽고 줄거리 빈칸 채우기와 독서 토론을 할 때 작품을 매우 꼼꼼히 읽고 활동을 주도했으며 합당한 근거를 들어 논리적으로 자신의 주장을 펼침. 모둠장 으로서 작품의 본질을 꿰뚫는 통찰력 있고 깊이 있는 질문을 던지며 모둠원들을 성장시키고, 소극적이거나 내용 이해가 부족 한 친구들에게 항상 친절하게 내용을 설명해 줌. 특히 '광장'처럼 관념적이고 어려운 작품을 배울 때 여러 비유적, 상징적 표 현과 의미를 잘 이해하고, 스스로 발표 울렁증을 극복하고 자신감 있게 발표를 하는 모습이 인상적임. 모방시, 시 에시이, 시 감상문 쓰기에서 깊은 문학적 감성과 뛰어난 사고력, 빼어난 글솜씨를 보여줌. 시 경험 쓰기로 시조 '곡구롱 새 우는 소리에' 를 읽고 자신의 경험과 연결지어 한가하고, 평화롭고, 낭만적인 일상에 대한 그리움의 감정을 잘 묘사한 수필을 작성함."
131,3,2,1,수학Ⅰ,"수학Ⅰ: 수업에 열의를 갖고 매시간 바른 자세로 집중하는 모습이 인상적인 학생으로 학습한 내용을 빠짐없이 일일학습지에 정리하는 성실한 학생임. 지수가 정수, 유리수, 실수로 확장되는 과정을 이해한 후 유리수 지수법칙과 거듭제곱근의 관계를 이용 하여 유리수 지수법칙을 증명하는 과정에서 보인 논리력이 탁월함. 한 학기 동안 학습한 모든 내용을 꼼꼼하게 마인드맵으로 정리하며 개념을 구조화하려는 노력을 함. 로그의 성질을 이용하여 식을 간단히 하는 방법에 대해 탐구하는 모둠 활동에서 모 둠원들과 협력하여 문제를 해결하며 로그의 계산법에 대한 이해도를 높이고, 이해를 어려워하는 모둠원들에게 적극적으로 다 가가 헌신적으로 돕는 모습이 인상적임. 중심각이 호도법으로 주어진 부채꼴의 넓이 구하는 방법에 대하여 완벽하게 이해하 고 있고 관련된 실생활 문제 해결에 적극적이며 친구들과 풀이 과정을 공유하며 나눔의 정신을 실천함."
132,3,2,2,수학Ⅱ,"수학Ⅱ: 항상 성실하게 수업에 임하며 일일학습지를 꾸준히 작성하여 함수의 극한과 연속, 미분계수와 도함수, 도함수의 활 용, 부정적분과 정적분, 정적분의 활용에 대한 학습내용을 체계적으로 정리하고 논리적으로 표현하는 방법을 익힘. 함수의 극대와 극소의 정의를 이해하고 어떤 함수가 한 점에서 극값을 갖는지를 판정함. 미분가능한 함수가 주어졌을 때, 미분한 함 수의 증가와 감소를 표로 나타낸 후 극값을 구하였으며 절댓값이 포함된 함수에 대하여 극값의 존재 여부를 정확하게 판별함. 함수가 어느 한 점에서 미분가능하고 극값을 가지는 경우 미분계수의 값이 0이 됨을 미분계수의 정의를 이용하여 증명할 수 있으며, 함수의 그래프를 그려 직관적으로 설명함. 수학적 개념을 이해하는 과정에서 다양한 예시를 풀어보며 노력하는 모습 이 관찰됨. 수학 정리를 응용하는 능력이 뛰어나며 문제를 해결하면서 다양한 정리를 활용하는 모습을 보임. 스스로 다양한 함수들에서 배운 수학적 개념이 어떤 의미가 있는지에 대해 탐구하는 습관을 갖추고 있으며 문제해결력이 뛰어남."
133,3,2,1,영어Ⅰ,"영어 Ⅰ: 어휘력, 구문 이해력 등 영어 활용능력이 탁월하며 교사의 질문에 적극적으로 반응하여 수업에 활력을 불어넣는 학생으로 궁금한 점은 질문을 통해 해결하는 열의와 적극성이 탁월함. 진로연계 롤모델로 한국의 슈바이처라 불리는 장기려 박 사를 소개하며 가난한 사람들에게 의료서비스를 제공하기 위해 평생을 헌신한 그의 인류애와 사명감을 본받아 본인도 책임감 과 사명감을 가지고 사회에 기여하는 의사가 되고 싶다는 포부를 유창한 영어로 발표함. 실생활에 도움을 주는 발명품을 고안 하여 소개하는 활동에서 표정, 목소리, 심박수 등을 바탕으로 사용자 맞춤형 아로마 향을 발생시키는 스마트 워치인 'Aro-a ro'라는 창의적인 발명품에 관한 보고서를 영어로 작성하고 유창하게 발표함. 본인이 직접 사용한 상품의 후기를 영어로 소 개하는 활동에서 립틴트를 소개하며 장단점을 균형있게 분석하였으며 단점에 대한 개선방안까지 제시한 점이 인상적임. 직접 실물을 보여주며 생생후기를 전해주어 큰 호응을 얻음. 연음 및 강세 처리가 훌륭하고 발음이 유창하며 자신감이 있어 청중 의 이목을 집중시키는 힘이 있음. 1일 교사로 자원하여 지문의 문법과 구조를 분석하고 설명하며 영어구문에 대한 깊이있는 이해를 보여줌."
134,3,2,1,물리학Ⅰ,"(1학기)물리학 Ⅰ: 집중력이 우수하고 차분하게 집중하는 모습이 돕보이는 학생임. 열이 모두 일로 전환되지 않는다는 것을 사례를 들어 설명하려는 목표로 '물 먹는 새'의 작동과정을 관찰한 후, 작동원리를 설명하는 탐구 조사 발표 시간에 이러한 현 상에 대해 정확하고 바르게 기술하여 이해를 도왔으며, 열 현상에 대한 과학적 분석 및 설명을 이해하기 편하게 설명하여 타 의 모범이 됨."
135,3,2,2,물리학Ⅰ,"(2학기) 물리학 Ⅰ: 항상 성실하게 수업 준비를 철저히 하여 물리학 수업의 반장으로서 교우들에게 모범이 됨. 평소 늘 바른 자세로 집중하여 수업에 임하며, 교과 내용 중 언급되는 이론적 지식과 실험내용에 대한 궁금증을 가지고 탐구하는 자세로 논 리적이고 체계적으로 잘 정리하는 학생임. 평소 궁금해 했던 과학적 호기심에 대하여 질문도 하면서 학습하여 지식을 습득하 는 적극적인 자세를 갖춤. 파동의 전반사 원리를 이용한 광통신 과정을 이해하고 설명하는 것을 목표로, 여러가지 전반사 현 상을 관찰하는 탐구실험 과정과 전류에 의한 자기 작용과 관련한 탐구 실험을 실시하는 과정에서, 실험 기자재의 올바른 사용 법을 알고, 보고서 내용 정리를 정확하고 바르게 하였으며, 탐구결과를 바르게 해석하고, 조별활동에 있어서도 적극적인 역 할을 하여 타의 모범이 됨."
136,3,2,1,화학Ⅰ,"화학Ⅰ: 탄산 칼슘과 염산과의 반응을 통해서 화학 반응의 양적 관계를 알아보는 실험을 하였음. 이 실험을 통해서 반응하는 화학 반응식의 계수 비는 반응에 관여한 물질의 몰 비임을 알게됨. 부피 플라스크를 이용하여 0.1M의 염화 칼륨, 염화 나트 륨, 포도당, 설탕 수용액을 만들어 봄. 극성 분자인 물의 전기적 성질을 실험하고 물과 헥세인을 섞어 층이 갈라지는 것을 관 찰한 후 이 용액에 염화 구리(Ⅱ)와 아이오딘을 넣고 섞은 후 관찰하였음. 이 실험을 통하여 극성 분자와 무극성 분자의 성질 을 확인하고, 미지 물질의 극성 여부를 판단하는 방법을 터득함. 중화 반응을 이용하여 식초 속의 아세트산 농도를 구하는 실 험을 함. 이 실험을 통해서 중화 적정을 하는 실험 기술을 익히고 산과 염기의 중화 반응의 특성을 이해하게 됨. 콜로이드 입 자를 이용한 자연 모방 구조색 인쇄 기술을 뉴스를 통하여 보고난 후 콜로이드에 관한 관심을 갖게 됨. 콜로이드 입자의 여러 가지 특성인 배제 부피 반발력, 정전기적 반발력, 반데르발스 힘 등을 조사하면서 이 입자를 이용한 실생활에서의 다양한 응 용 분야에 대해서 새로운 안목을 얻게 됨."
137,3,2,1,생명과학Ⅰ,"생명과학Ⅰ: 생명과학의 개념을 이해하고 통합적 사고력 및 문제해결력 등 생명과학 관련 기초 소양을 함양함. 근육 원섬유 마디 모형을 직접 제작하여 근수축 원리를 설명하는 실험을 잘 수행함. 활주설에 따른 근수축 원리를 잘 이해하고 응용 계산 문제를 급우들 앞에서 잘 설명하는 등 발표력과 이해력이 돋보임. 핵형분석을 통하여 상염색체와 성염색체를 구분할 수 있고 염색체의 개념에 대한 활동지를 잘 작성함. 주제 탐구 발표 시간에 '바이러스'에 대하여 심화 조사한 후 천연두, 인플루엔자, 에볼라, 신종 코로나 바이러스를 비교 분석 하여 쉽게 설명함으로써 코로나 시대에 급우들의 높은 관심과 흥미를 유발함. 유전 단원 학습 후 심화 과제로 '다운증후군'의 원인과 증상, 치료방법 등에 관하여 조사하고 발표하는 등 생명과학에 대한 열 정과 과학적 탐구심이 높음. 코로나 PCR 검사를 받아 본 후 어떤 원리를 통하여 결과가 나오는지 궁금하여 PCR 검사의 정의, 원리, DNA 합성 과정 등 을 심화 조사하여 발표함. 추후 연구과제로 DNA 증폭 시 결합 과정에 대하여 알아보고자 하는 등 과학적 개념을 일상생활과 연관시켜 과학적 지식으로 풀어나가려는 태도가 돋보임."
138,3,2,1,일본어Ⅰ,"일본어 I: 일본어 교과 반장으로 수업 준비 및 학생들의 면학 분위기 조성을 위하여 봉사하는 등 역할 수행이 탁월한 훌륭한 학생임. 성실한 학습 태도와 진지한 마음으로 수업하며 일상생활 문화를 비롯한 일본의 애니메이션과 영화, 드라마, 가요 등 일본 대중문화에 관심이 아주 많음. 일본어로 쓰기, 읽기, 듣기를 할 수 있으며 어휘력이 매우 뛰어남. 주도적으로 발음과 억 양을 반복하여 연습한 뒤 뛰어난 자신감으로 학습 분위기를 조성하고 급우들의 학습 의욕을 높임. 각종 일본 사정에 흥미와 호기심을 가지고 주도적으로 탐구해 나가는 자세를 보여 다른 학생의 모범이 됨. 특히 의사소통 활동과 문화 이해와 관련된 학습에 있어 이해력과 응용 능력이 뛰어나 여러 일본 관련 서적을 찾아보고 일본어로 정보를 검색해 보는 등 통합적인 언어능력을 키우고자 노력함. 문화 상대주의적 입장에서 일본을 객관적으로 바라보고자 하는 국제 감각도 갖추고 있는 학생임."
139,3,2,1,기하,"기하: 항상 성실하게 수업에 임하며 일일학습지를 꾸준히 작성하여 이차곡선, 이차곡선과 직선, 벡터의 연산, 평면벡터의 성 분과 내적, 공간도형, 공간좌표에 대한 학습내용을 체계적으로 정리하고 논리적으로 표현하는 방법을 익힘. 종이접기 활동에 서 나타난 곡선이 포물선인 이유를 포물선의 초점과 준선에 대한 정확한 이해를 바탕으로 서술함. 교과서에 제시되지 않은 종 이접기 활동을 통해 타원을 나타내는 방법을 발표함. 이차곡선의 정의를 이용하여 이차곡선을 작도하는 방법을 조사하여 발 표하고 이를 공학적 도구를 이용하여 시각적으로 보여줌. 공간도형인 원추곡선으로 이차곡선을 나타내는 방법을 보여주고 정 의를 이용하여 설명함."
140,3,2,1,운동과 건강,"(1학기) 운동과 건강: 체육 수업시간에 열의가 있으며 꾸준히 노력함. 수업태도가 바르고 성실하여 점차 성적향상이 기대됨. 모든 일에 솔선수범 하며, 리더십을 잘 발휘함. 탁구 수업에서 서브를 5개 시도하여 3개 이상 유효 지점에 적절한 강도로 성 공 시킬 수 있는 기능을 갖춤. 소프트발리볼 경기에 필요한 서브, 리시브, 스파이크 등의 개인 기능을 고루 잘 습득하였음."
141,3,2,2,운동과 건강,(2학기) 운동과 건강: 모범적인 수업태도를 가지고 있음. 수업 준비 및 정리를 잘 도우며 수업에 대한 참여도와 신체활동에 대 한 흥미도가 높고 성실하게 과제를 수행하는 모습을 보이며 체육 수업에 적극적으로 참여하는 모습을 보임. 배드민턴 경기에 따른 동작의 반응에 대한 이해를 바탕으로 자신에게 적합한 운동의 효과를 극대화함. 플로어볼 경기에서 기능과 전술에 대한 이해도가 좋으며 스포츠 감상문 과제에 있어 내용에 대한 이해도와 높은 공감능력을 가지고 있음.
142,3,2,1,미술,"미술: 조별이끔이로서 수업 활동을 즐기며 적극적으로 참여하는 태도가 매우 우수하고 활동 후 마무리하는 데까지 책임을 다 함. 미술 수행 전반에 걸쳐 관찰력, 창의력, 표현력이 매우 뛰어남. 이미지 구성 수업에서 11칸 각각의 다양한 아이디어가 참 신하고 독특하며 채색 과정을 거쳐 완성하는 데까지 성실하게 임함. 제시된 꽃 사진을 보고 확대하여 그리기 수업에서 전체적으로 관찰하여 큰 덩어리부터 세부적인 부분까지 비례와 특징을 잘 살려 표현함. 입체글씨 만들기 수업에서 선, 면, 입체의 차이를 이해하고 주어진 글씨에 맞게 조형요소와 원리를 적용한 새로운 글씨체를 제작하여 발표함. 현대 서체의 작품들을 살펴보고 이를 활용한 조형활동으로 다양한 캘리그래피 서체를 익힘. 글씨에 포인트를 주어 방향, 두께, 흘림, 크기를 달리한 자신만의 개성 있는 서체로 좋은 문구에 적용하여 표현함. 전통회화의 종류를 알고 전통 재료와 전통적 표현 방법의 특성을 이해함. 풍속화 그리기 수업에서 트레이싱지를 이용하여 화선지에 원본 그림을 옮겨 스케치하기, 세필을 이용한 외곽선 그리기, 먹의 농담을 표현하고 채색하여 완성하는 데까지 매시간 성실히 참여함."
143,3,3,1,언어와 매체,"언어와 매체: 창의적 사고를 바탕으로 활발하게 자신의 의견을 표출하여, 재미있고 원활한 수업 진행을 주도함. 어휘 능력이 뛰어나며 새로운 개념과 용어에 대해 끊임없이 질문하고 알고자 함. 언어를 정확하게 이해하기 위해 사소한 것이라고 할지라도 국어사전을 활용하며 명확하게 공부하였으며, 일상 속에서 나오는 단어들을 하나하나 분석하는 열의를 보임. 또한 화학만의 독자적인 언어체계가 있다는 것을 발견하고 이에 대해 탐구함. 끊임없는 지적 탐구로 음운 체계와 변동 현상을 정리하며 문법에 대한 이해를 심화시키고, 자기주도적 학습 역량을 계발하였으며 협력학습에서 주도적 역할을 하여 학습 공동체가 함께 성장하는 데 기여함. 자유주제 글쓰기 수행평가로 화학에 관심을 가지고 대중매체에서 자주 접한 '생분해성 플라스틱'을 주제로 PLA와 PHA를 중심으로 생분해성 플라스틱 생성부터 분해까지의 과정과 장단점을 분석하였음. 또한 생분해성 플라스틱 시장 영향력의 밝은 전망과 그에 대한 연구가 더욱 활발해질 것이라는 논점을 적절한 근거를 들어 작성하여 발표해 친구들의 큰 호응을 얻음. 특히 미생물에 의해 생성되는 PHA를 통해 플라스틱에도 미생물이 이용될 수 있음에 흥미를 느껴 더 탐구하려는 포부를 밝힘."
144,3,3,1,미적분,미적분: 항상 바르고 성실한 태도로 수업에 임하며 수업 중간중간 이해가 되지 않는 부분은 바로 질문하여 완벽하게 이해하 려고 노력하는 태도가 인상 깊음. 화학 II 시간에 반응속도식을 시간에 대해 적분하여 반응물의 농도를 구할 수 있다는 것을 배운 후 미적분을 이용하여 좀 더 심도 있게 분석한 내용을 발표함. 반응속도식을 미분을 활용하여 정의하고 수업 시간에 배운 반응물이 1개일 때의 0차와 1차 반응의 적분 속도식을 직접 풀어냄. 더 나아가 반응물이 1개일 때의 2차 반응과 반응물이 2개일 때의 2차 반응의 적분 속도 식에 대한 궁금증으로 그 유도과정을 미적분을 활용하여 정확하게 보여주어 반 친구들의 놀라움을 자아냄. 이 과정을 통해 우 리가 사는 세상을 둘러싸고 있는 미적분에 대해 느끼게 되었으며 수학의 유용성에 대해 깨달음. 급수 단원에서 접한 프랙탈 도형에 흥미를 느껴 이에 대해 조사하던 중 프랙탈 차원에 대해 알게 되었고 그 내용을 친구들에 게 설명함. 프랙탈 기하학에서 공간에 패턴을 얼마나 조밀하게 채우는지 나타내는 비율인 프랙탈 차원의 의미에 대해 이야기 하고 코흐 곡선과 시어핀스키 삼각형의 프랙탈 차원을 구하는 과정을 보여주어 새로운 차원의 등장에 반 친구들을 놀라게 함.
145,3,3,1,영어Ⅱ,"영어Ⅱ: 배움을 통한 성장에 누구보다 진지한 자세를 보이며 말하기, 쓰기, 독해 등 영어의 전 영역에서 깊이 있는 이해를 바 탕으로 한 뛰어난 실력을 갖춤. 평소 콜라겐 제품이 피부노화 방지, 관절강화 등에 실질적 효과가 있는지 궁금함을 느껴 진로 연계 주제발표 시간에 콜라겐의 구조적 특성과 콜라겐 활용 제품의 효과에 대해 조사하여 유창한 영어로 발표함. 콜라겐이 신 체에 흡수되기 위해서는 아미노산으로 분해되었다가 비타민C나 A, 철과 같은 성분의 도움을 받아 다시 콜라겐으로 합성되어 야 하기 때문에 시중에 판매되는 콜라겐 보충제나 화장품의 대부분은 신체 흡수를 통한 효과가 미미하며 콜라겐 생성 촉진제 나 분해 억제제를 첨가한 제품을 연구하는 것이 보다 효과적이라고 제안함. 발음이 좋고 자료를 구조화하는 능력이 뛰어나 며, 시각자료 활용능력도 수준급임. 여유로우면서도 부드럽게 청중의 이목을 사로잡는 프레젠테이션 스킬이 우수함. 발표 내 용과 관련해 콜라겐과 비오틴을 비교한 영문 뉴스기사를 추가 조사 및 스크랩하여 제출하는 자기주도적 학습자의 면모를 보 임. 콜라겐과 비오틴이 서로 다른 물질임에도 결핍 시 탈모, 피부감염 등 동일한 문제를 일으킬 수 있다는 점이 흥미롭다는 의견을 강조함."
146,3,3,1,환경,"환경: 본인이 관심을 갖고 있는 환경 문제를 탐구하는 활동에서 '해양 미세 플라스틱과 해결책에 관한 고찰'을 주제로 활동을 함. 다른 교과에서 진행한 플라스틱과 관련한 탐구활동과 독서활동을 통해 미생물에 대한 관심이 높아졌으며 이를 환경 문제 와 연관시키는 주제를 선정함. 미세 플라스틱의 정의, 미세 플라스틱 발생원에 대한 이해를 바탕으로 미세 플라스틱이 이동 하여 해양 생태계에 미치는 영향을 탐구함. 미세 플라스틱 처리를 위한 사회, 경제적인 관점을 제시하고, 이에 더해 미세 플 라스틱 정화를 위한 미생물의 이용에 대해 탐색함. 다양한 참고 자료를 통해 본인이 관심을 가지고 있는 주제를 명확히 하였 으며 생분해성 플라스틱의 상용화와 생분해성 재활용 체계의 구축과 같은 의견을 제시함. 1차 탐구 이후 생분해성 플라스틱 에 대한 2차 탐구활동을 진행함. 생분해성 플라스틱이 환경 오염을 줄이는데 역할을 하기 위해 이를 분해할 수 있는 시설이 필요하며 국내에 이러한 시설이 없어 실효성이 떨어짐을 인지하고 생분해성 플라스틱 수거 및 매립에 대한 가이드라인 마련 과 그에 대한 교육을 대책으로 제시함."
147,3,3,1,심화 수학Ⅰ,"심화 수학Ⅰ: 수업태도가 바르고 매시간 배운 내용들을 복습하며 자신만의 지식으로 만들어 내는 모습이 인상 깊음. 수학적 개념과 원리, 법칙 등을 이해하고 여러 가지 현상을 수학적으로 관찰하고 생활 속 다양한 문제를 수학적인 방법으로 해결하는 능력과 태도를 기르기 위해 꾸준히 노력함. 화학 시간에 배운 반감기를 지수로그함수와 연계하여 약물의 반감기를 주제로 탐 구하여 발표함. 약물이 얼마나 효과를 발휘하는지 측정하기 위해 중요한 혈액 속 약물의 농도인 혈중 농도를 나타내는 식에 지수함수가 사용된다는 사실과 병원에서 처방 받는 약과 백신에 이르기까지 대부분의 약물에 있는 '효과 지속 시간'이 약물의 반감기와 관련이 있음을 발견하고, 그에 따라 대략적인 작용 시간과 하루 복용 횟수를 알 수 있기에 약물의 반감기가 중요하 다는 것을 논리적으로 유추함. 예시로 가장 많이 처방되는 경구용 당뇨병 치료제 메트포르민을 10일 연속 복용하는 경우 반 감기에 따라 체내에 얼마나 누적되는지 등비수열의 합 공식을 활용하여 계산에 성공하고, 이후 자신이 평소에 복용하는 다른 약물의 누적량 또한 계산해 보고 싶다는 포부를 밝힘."
148,3,3,1,여행지리,"여행지리: 바람직하고 안전한 여행을 위한 여행 계획 수립의 중요성을 이해하고 이를 제주 지역에 적용하여 친환경적으로 즐 기는 제주 여행을 주제로 해당 지역이 가지는 특성을 탐구함. 나의 삶에 큰 영향을 준 여행기 쓰기, 교통수단을 포함한 여행 계획 세우기, 지리 정보 시스템을 여행에 활용하는 방법 연구 등 여행지의 개별 특성을 학습하기 전 단계 학습을 적극적으로 진행함. 진로와 관련된 여행 주제 탐구 활동에서 화학 연구원에 대한 전망을 살펴보고 이와 관련한 다양한 진로 여행지를 탐 색한 후 '다른 나라의 화학에 대한 소양 쌓기'를 주제로 여행 계획을 수립함. 주제에 맞는 여행지로 폴란드를 선택하여 박물 관, 제약 회사 본사 견학 등 구체적이고 실천 가능한 여행 계획을 세우고 본인의 진로 희망과 연관된 활동을 함."
149,3,3,1,화학Ⅱ,"화학Ⅱ: 화학에 관심과 흥미가 많아 수업 시간에 적극적으로 참여할 뿐 아니라 스스로 관심 분야의 자료를 찾아 심화 학습을 하는 등 과학에 대한 진지한 접근 자세가 돋보이며 앞으로의 발전이 기대되는 학생임. 빨대와 고흡수성 수지를 이용하여 다니엘 전지를 만드는 실험을 잘 수행하였으며 실험 과정에서 조원들을 배려하고 꼼꼼하고 정확하게 기구를 잘 다루는 모습이 돋 보임. 크리스탈 바이올렛이 수산화나트륨과 반응할 때 흡광도의 변화를 분광계와 태블릿 PC를 활용하여 분석하여, 반응차수 를 결정하고 반감기를 구하는 실험을 잘 수행하고 보고서를 작성함. 산업 현장에서 사용되는 촉매를 조사하던 중 비대칭 유기 촉매에 대해 관심을 가지고 공부하고 정리하여 발표함. 거울상 이성질체 및 비대칭 유기 촉매반응의 중요성을 탈리도마이드 를 예로 들어 설명하고 프롤린, 페닐알라닌이 화학 반응에서 카이랄성 분자를 선택적으로 만드는 과정을 찾아보고 이해하였 으며 선택적 합성에 대해 추가로 더 연구해보고 싶다는 포부를 밝힘."
150,3,3,1,생명과학Ⅱ,"생명과학Ⅱ: 타 교과 수행평가 주제였던 일본뇌염의 진단방법인 'ELISA'에 관심을 갖게 되어 주제발표 수업시간에 평소 궁 금했던 '진단키트의 원리'를 이해하기 쉽게 설명하고, 우리에게 익숙한 코로나19 자가진단키트와 임신 자가진단키트의 원리 를 예시로 들어 급우들의 관심과 호응을 이끌어 냄. 또한 자가진단키트가 PCR에 비해 정확도가 떨어지는 이유에 대하여 조 사 중에 의문이 들어 추가로 탐구함. 검체 속 항체 양의 차이를 민감도, 특이도, 양성예측도 개념과 연관시키며 이에 따라 정 학도에 차이가 생김을 논리적으로 유추함. 과학적 창의력과 탐구력이 뛰어나 효소의 특징과 관련한 실험설계 시 가설을 검증 하는 실험과정을 잘 설계하였고 실험에서 얻어진 자료를 해석하는 능력이 뛰어남. 광합성의 캘빈회로와 호흡의 TCA회로를 비교하여 잘 설명할 수 있고, 특히 유전자 발현과정 모의실험을 통하여 아미노산 서열을 찾아내는 실험을 잘 수행하였음. DN A 추출 실험에서 소금과 세제의 역할에 대해 잘 설명하고 실험을 주도적으로 수행하는 등 조원을 이끄는 리더십이 뛰어남."
151,3,3,1,생활과 과학,"생활과 과학: 과학적 원리를 이해하고 응용하는 데 흥미를 가지고 수업 시간에 적극적으로 참여하였으며 과학 지식이 풍부하 고 이해가 빠름. 모둠별로 일본 뇌염을 알리는 질병 안내서를 만드는 활동에서 일본뇌염 진단 방법과 치료방법에 대해 조사하 고 조사한 내용을 논리적으로 이해하기 쉽게 풀어 적었으며, 3D 펜으로 모기를 만드는 등 자료를 입체적으로 제작하여 좋은 평가를 받음. 자신이 1일 동안 섭취한 식품의 영양 성분과 열량 계산을 하는 과정에 있어 데이터 처리와 계산이 정확하고, 식 품에 붙어 있는 영양 성분표에 대한 이해력이 높음. 계면활성제가 기초화장품에도 필수적으로 들어간다는 사실에 흥미를 느 끼고 조사해 보던 중 화장품이 콜로이드 상태로 존재하는 이유가 궁금해져 깊이 탐구하여 이해한 것을 보고서로 정리하고 발 표함. 콜로이드의 정의와 여러 형태를 조사한 후, 물과 기름이 안정적으로 상태를 유지하도록 하기 위해 첨가된 계면활성제 가 만들어낸 마이셀 때문에 화장품이 콜로이드 형태로 존재한다는 결론을 이끌어 냄. 추가로 마이셀과 유사한 구조를 지닌 리 포솜이 계면활성제 대신 사용 가능한지 추가로 연구해 보고 싶다는 포부를 밝힘."
152,3,3,1,스포츠 생활,"스포츠 생활: 골프 스윙의 원리를 이해하고 어드레스, 테이크백, 백스윙, 다운스윙, 피니시에 이르는 연결 동작을 성실하게 연습함. 홀컵 주변에서 정교한 퍼팅 스트로크를 통해 마무리하는 능력이 뛰어나며 큰 실수 없이 일관성 있는 샷을 구사함. 친 구들과 즐겁게 소통하고 어울리면서 배드민턴 경기에 참여하였으며, 에스보드를 타고 직선과 곡선 주로를 주행하면서 균형 감각을 발달시킴. 안정적인 자세를 바탕으로 케틀벨 스윙을 수행함."
153,3,3,1,음악 감상과 비평,"음악 감상과 비평: 음악의 학습 내용을 분석 및 구조화하여 전체의 흐름을 잘 파악하고, 작품의 특징과 의미를 자기주도적으 로 학습하여 내재 된 음악적 가치를 올바르게 파악함. 활동 과정에서 융합적 사고력과 과제 집착력이 돋보이며 음악을 역사· 사회·문화적 배경과 관련지어 폭넓게 사고함. '스토리보드 활용 음악 감상과 구성'에서 '희망과 위로'를 주제로 음악을 선정하여 음악이 자신의 정서와 마음에 미치는 긍정 적인 영향과 가치를 설득력 있게 글로 전개하였으며, 스토리보드 화면은 수험생이 겪는 이야기를 6컷 만화로 창작하여 주제 의 핵심을 공감되게 표현함. 다양한 관점으로 음악의 가치를 삶 속에서 즐김. '음악공연 기획'에서 '청소년을 위한 화학과 친해지기 프로젝트'를 공연 제목으로 설정하여, 기획 의도에 맞게 후원, 협찬, 비 용, 섭외, 무대, 프로그램을 적합하게 구성함. 일상 속 화학의 친숙함과 긍정적 역할을 알려주기 위해 '화학제품 체험, 배양육 탐구, 불꽃색 반응을 이용한 불꽃놀이' 등을 음악과 연계하여 창의적으로 기획함. '음악 감상 비주얼씽킹'에서 감상곡의 특징 및 '창작과 모방'에 대한 자신의 생각을 빠르고 체계적으로 정리하였으며, 감상 느 낌을 추상적 그림으로 시각화하여 효과적으로 표현함."
154,4,1,1,국어,"도종환의 '흔들리며 피는 꽃'을 감상하고 자신의 관점에서 작품을 패러디하는 활동을 함. 평소 자신이 좋아하는 컴퓨터 오락의 상황을 시적 내용에 비추어 해석하면서, 원하는 성취를 얻기 위해서는 부지런한 노력과 인내의 시간이 필요하다는 것을 작품 속에 담아냄."
155,4,1,2,국어,"글을 쓰는 과정에서 목적에 맞는 적절한 매체 자료를 활용하는 것의 중요성을 이해함. 특히 정보전달의 글쓰기에서 독자의 이해를 돕기 위해 시각적 자료를 활용하는 것이 필요함을 알고, 글쓰기 과정에서 이를 적극적으로 활용하는 모습을 보여줌."
156,4,1,1,수학,"대푯값을 직접 만들어 보는 팀 프로젝트형 수행평가에서 올해의 가을 날씨를 추론해보기 위하여 여러 가지의 대푯값으로 사용되는 강수량, 기온, 습도 등을 분석하고 최종적으로 어떤 수치적 데이터가 핵심적으로 작용하는지를 결정하기 조원들과의 의사소통을 통해 협력적 구한 점이 인상적임."
157,4,1,2,수학,"대푯값을 직접 만들어 보는 팀 프로젝트형 수행평가에서 올해의 가을 날씨를 추론해보기 위하여 여러 가지의 대푯값으로 사용되는 강수량, 기온, 습도 등을 분석하고 최종적으로 어떤 수치적 데이터가 핵심적으로 작용하는지를 결정하기 조원들과의 의사소통을 통해 협력적 구한 점이 인상적임."
158,4,1,1,영어,"고민과 관련된 말하기 발표 수업에서 자신의 고민을 수업시간에 배운 적절한 표현으로 잘 활용하여 발표함. 발표할 때 발음과 억양이 정확해 말하기의 유창성과 정확성 모두 뛰어남. 평소 수업 준비를 철저히 하고 수업 참여도가 대단히 높으며, 질문에 막힘없이 답변함. 수업 시간에 이해하지 못한 내용을 영어 방송을 청취하여 스스로 부족한 부분을 채우는 모습이 보임."
159,4,1,2,영어,"고민과 관련된 말하기 발표 수업에서 자신의 고민을 수업시간에 배운 적절한 표현으로 잘 활용하여 발표함. 발표할 때 발음과 억양이 정확해 말하기의 유창성과 정확성 모두 뛰어남. 평소 수업 준비를 철저히 하고 수업 참여도가 대단히 높으며, 질문에 막힘없이 답변함. 수업 시간에 이해하지 못한 내용을 영어 방송을 청취하여 스스로 부족한 부분을 채우는 모습이 보임."
160,4,1,1,한국사,"'미디어 속에 표현된 역사의 진실'활동에서 다양하게 표현되는 임진왜란의 장면을 통해 이순신의 업적과 관련 지식, 오다 노부나가와 도요토미 히데요시 등 전국시대 인물 정보, 호국불교의 성격을 갖는 한국불교의 특징 등에 대해 인지함. 또한 영상으로 묘사되는 안시성 전투를 분석하여 당태종, 개마무사, 양만춘에 관련된 지식을 습득하였으며, 영화 속 역사적 상상의 허용범위에 대해 논평함."
161,4,1,2,한국사,"'대한민국 정당의 변천사 둘러보기' 활동에서 1990년대 이후 정당의 해체와 창당 과정을 분석하고, 민주시민에게 부여된 참정권의 의미를 되새김. '친일파 진상규명위원회가 되어보자!' 활동에서 친일 기업의 의혹을 받는 기업들에 대한 기준을 논평함. 현대 사회에서 기업의 기원이란 너무 많은 기준이 존재할 수 있기 때문에, 국가 혹은 국제사회의 법률이 결국 적대적인 기준이 될 것이라는 주장을 드러냄."
162,4,1,1,통합사회,"일상 속에서 정규직과 비정규직, 최고 경영자와 근로자의 임금의 격차가 어떤 기준에 의해 나타나는지 생각하여 각각 그 기준의 장단점을 표로 정리하고 그 기준들의 정당성 여부를 근거를 들어 설득력 있게 주장함."
163,4,1,2,통합사회,"일상 속에서 정규직과 비정규직, 최고 경영자와 근로자의 임금의 격차가 어떤 기준에 의해 나타나는지 생각하여 각각 그 기준의 장단점을 표로 정리하고 그 기준들의 정당성 여부를 근거를 들어 설득력 있게 주장함."
164,4,1,1,통합과학,동일본 지진을 주제로 지진의 형성 과정과 특징을 인터넷으로 자료 조사하여 발표함. 변온 동물에 대해 조사하고 생물과 환경과의 관계에 대해 설명함.
165,4,1,2,통합과학,"원소들이 형성되는 과정과 화학결합을 통해 다양한 물질이 되는 원리를 이해함. 규산염 광물과 탄소 화합물이 결합되는 방식을 이해하고, 신소재의 특징을 설명할 수 있음. 역학적 시스템을 설명할 수 있음. 충돌과 관련된 안전사고 예방 장치를 고안하고 효과성을 충격량, 운동량을 이용하여 평가할 수 있음. 세포가 하나의 시스템임을 설명하고, 세포막을 경계로 한 물질의 출입, 생체 촉매의 작용, 유전 정보의 흐름을 생명 시스템 유지와 연결하여 설명할 수 있음. 산화 환원 반응의 규칙성과 특성을 분석하고, 산과 염기를 구별하고, 중화 반응과 특징을 설명할 수 있음. 산화 환원 반응과 중화 반응을 이용하는 사례를 찾아낼 수 있음. 생태계 평형이 유지되는 원리, 환경 변화가 생태계에 미치는 영향에 대해 이해하고 설명할 수 있음."
166,4,1,1,과학탐구실험,"주기율표의 역사 및 주기성 탐구하기(되베라이너의 세쌍 원소설, 뉴랜즈의 옥타브설), 멘델레예프의 주기율표(원자량 순서로 배열할 때 일정한 간격을 두고 주기적으로 성질이 비슷한 원소가 나옴)와 현대적 주기율표의 특성 탐구하기(원소들을 원자번호 순서로 배열하여 성질이 비슷한 원소를 세로줄에 오도록 배열)에서 협력을 통해 어려운 문제들을 해결하는 모습을 보임."
167,4,1,2,과학탐구실험,"주기율표의 역사 및 주기성 탐구하기(되베라이너의 세쌍 원소설, 뉴랜즈의 옥타브설), 멘델레예프의 주기율표(원자량 순서로 배열할 때 일정한 간격을 두고 주기적으로 성질이 비슷한 원소가 나옴)와 현대적 주기율표의 특성 탐구하기(원소들을 원자번호 순서로 배열하여 성질이 비슷한 원소를 세로줄에 오도록 배열)에서 협력을 통해 어려운 문제들을 해결하는 모습을 보임."
168,4,1,1,지구과학 I,환경 다큐멘터리를 시청하고 자신이 지구 환경에 대해 느낀 점을 에세이로 작성하여 제출함.
169,4,1,2,지구과학 I,환경 다큐멘터리를 시청하고 자신이 지구 환경에 대해 느낀 점을 에세이로 작성하여 제출함.
170,4,1,1,종교학,종교학 수업을 통해 인간의 삶을 건강하고 풍요롭게 하기 위해서는 다양한 필요들도 있지만 인문학적으로 과학과 종교의 역할이 대단히 중요함을 알게 됨. 종교적 사고없이 과학적 관점만 주장하게 되면 원인과 결과에 의한 유물론적 사고에 치우칠 수 있음을 깨닫게 됨.
171,4,1,2,종교학,종교학 수업을 통해 인간의 삶을 건강하고 풍요롭게 하기 위해서는 다양한 필요들도 있지만 인문학적으로 과학과 종교의 역할이 대단히 중요함을 알게 됨. 종교적 사고없이 과학적 관점만 주장하게 되면 원인과 결과에 의한 유물론적 사고에 치우칠 수 있음을 깨닫게 됨.
172,4,1,1,체육,"판단력이 빠르고, 근력과 민첩성이 뛰어나 구기운동에서 탁월한 능력을 발휘하였으며, 정의적 측면에서도 봉사 정신, 통솔력이 강하게 나타남. 자신이 부족한 부분에 대해 보완하고 개발하려는 의지를 갖고 있는 학생임."
173,4,1,2,체육,"판단력이 빠르고, 근력과 민첩성이 뛰어나 구기운동에서 탁월한 능력을 발휘하였으며, 정의적 측면에서도 봉사 정신, 통솔력이 강하게 나타남. 자신이 부족한 부분에 대해 보완하고 개발하려는 의지를 갖고 있는 학생임."
174,4,1,1,미술,"융합미술 프로젝트 활동에서 축구 사이트를 만드는 것을 가정하고 홍보하는 영상을 만들기 위한 기획을 함. 진로와 미래에 대한 고민을 토대로 스토리를 구성함. 만화에 등장하는 캐릭터를 창의적으로 표현하는 능력이 매우 우수함. 알맞은 비례를 활용하여 안정감 있는 구도로 대상을 스케치 하여 밀도 있는 웹툰 작품을 완성함. 단원의 학습 목표에 대한 이론을 숙지하고 작품에 잘 반영하려 노력함. 여행 드로잉에서 바다위의 새와 물고기, 갈매기등을 그려넣어 바다에 새를 중심으로 벌어지는 이야기를 한 화면안에 그려 표현함. 초현실주의 작품에서 원하는 직업이 컴퓨터 프로그래밍의 상징인 컴퓨터를 가지고 화면을 창작함. 진로로부터 나오는 가치와 행복 등을 소재로 나의 미래를 희망적인 메시지를 담아 화면에 표현함. 안정적인 구도 감각과 색상을 활용하는 감각이 우수함."
175,4,1,2,미술,"융합미술 프로젝트 활동에서 축구 사이트를 만드는 것을 가정하고 홍보하는 영상을 만들기 위한 기획을 함. 진로와 미래에 대한 고민을 토대로 스토리를 구성함. 만화에 등장하는 캐릭터를 창의적으로 표현하는 능력이 매우 우수함. 알맞은 비례를 활용하여 안정감 있는 구도로 대상을 스케치 하여 밀도 있는 웹툰 작품을 완성함. 단원의 학습 목표에 대한 이론을 숙지하고 작품에 잘 반영하려 노력함. 여행 드로잉에서 바다위의 새와 물고기, 갈매기등을 그려넣어 바다에 새를 중심으로 벌어지는 이야기를 한 화면안에 그려 표현함. 초현실주의 작품에서 원하는 직업이 컴퓨터 프로그래밍의 상징인 컴퓨터를 가지고 화면을 창작함. 진로로부터 나오는 가치와 행복 등을 소재로 나의 미래를 희망적인 메시지를 담아 화면에 표현함. 안정적인 구도 감각과 색상을 활용하는 감각이 우수함."
176,4,2,1,문학,"수업에서 이청준의 '남도 사람'이 시나리오 '서편제'로 각색된 작품을 배우고, 비슷한 경우로 '해리포터'를 제시하고 유사한 내용이지만 영화가 가지는 기술적 기법의 차이로 또다른 작품으로 생산되는 영화에서도 소설과 마찬가지로 즐거움을 받을 수 있다는 의견을 발표하였음."
177,4,2,1,수학I,"삼각함수 단원에서 학습한 사인법칙과 코사인법칙을 적절하게 활용하여 지표면 상의 산이나 건물의 높이, 경사도 들을 측량하는 방법에 대해 조사하여 발표함."
178,4,2,1,영어I,"관심있는 영화 소개하기 활동에서 '인 타임(2011)'을 소개하며 시간이라는 소재를 사용한 이 영화를 다른 학생들에게 흥미로운 형태로 설명함. 돈 대신 시간이 인간 세상의 재화가 되어버린 세상 속에서 벌어지는 다양한 비극적인 일들을 보며 과연 현실세계에서 우리 모두에게 주어진 시간이 과연 공평한 것인지, 빈자와 부자에게 똑같은 시간이 주어졌다 한들 그것을 똑같다고 간주할 수 있는지 등에 대한 생각해볼 만한 논제를 던져줌. 또한 동시에 본인에게 주어진 순간순간의 시간을 충실하고 열정적으로 살아가는 것이 그 무엇보다도 중요할 것임을 강조하며 앞으로 남은 시간을 최대한 현명하게 사용하고 싶다는 열정을 보여줌."
179,4,2,1,화학I,화학에 기초 상식이 풍부하여 모든 방면에서 이해하는 정도가 뛰어난 모습을 보이고 수업태도 또한 항상 적극적으로 임하며 모르는 내용에 대한 해결 의지가 높아 다른 학생들의 귀감이 되는 자세를 보임. 두뇌 회전이 빠르고 과학적 사고력이 뛰어나 주어진 내용과 문제점을 빠른 시간 내에 정확히 파악하며 문제를 해결하는 능력이 뛰어남. 또한 탐구활동 시 항상 솔선수범하여 주어진 문제를 자세히 분석하여 조원들의 역할을 분담시켜 주었으며 탐구에 임하는 태도가 아주 적극적이었음.
180,4,2,2,독서,시대의 변모에 따라 다양한 매체의 발전으로 독서의 폭이 넓어지고 이를 적극적으로 활용하여 독서활동을 하던 학생으로 매우 뛰어난 표현력과 교훈적 의미를 담은 대사에 매료되어전지적 독자 시점이란 책을 문학 및 독서 수업에서 접했던 수사법을 활용한 '여유 속에서 몰입하여 읽기 좋은 소설'을 '한 줄 서평 및 추천사 작성'이란 활동에서 발표하였음. 발표에서 평소 웹소설에 대한 관심이 많이 가지면서 독서에는 매체의 차이가 아니라 독자의 의지가 중요하다는 것을 함께 이야기하여 학생들의 큰 호응을 이끌어 냈음.
181,4,2,2,수학II,수업시간에 배운 이차함수의 두 실근 사이의 넓이를 구하는 공식을 스스로 다시 증명해봄.
182,4,2,2,영어II,'나의 영어학습 과정 소개하기' 활동에서 자신의 현재 수준을 객관적으로 판단하고 개선할 점을 찾아 실현 가능한 계획을 세우는 모습을 보여줌. 특히 수업시간에 배운 내용들을 적극적으로 복습하여 혼자 자기주도적으로 학습을 진행할 때 활용하는 단계에 이르기 위해 꾸준히 노력했음을 강조함.
183,4,2,1,생명과학I,다인자 유전 현상을 확인하는 모의 활동에 참여하여 보고서를 작성함.
184,4,2,2,생명과학I,다인자 유전 현상을 확인하는 모의 활동에 참여하여 보고서를 작성함.
185,4,2,1,일본어I,수업 시간에 참여하려고 노력하고 일본 대중문화의 소개 등에 관심을 가지고 들음. 자기소개 학습지를 일본어로 작성함.
186,4,2,2,일본어I,수업 시간에 참여하려고 노력하고 일본 대중문화의 소개 등에 관심을 가지고 들음. 자기소개 학습지를 일본어로 작성함.
187,4,2,1,기하,한 직선 위의 두 점을 시점과 종점으로 하는 벡터가 한 벡터에 평행함을 식으로 나타내어 봄으로써 영벡터가 아닌 벡터에 평행한 직선의 방정식을 구하는 과정을 이해하였으며 그 과정에서 사용되는 매개변수의 의미와 매개변수를 이용한 직선의 표현법에서 직선의 방향을 나타내는 방향벡터를 읽는 방법을 학습하여 관련 문제를 올바르게 풀이하였음. 한 벡터의 방향이 정해지면 그 벡터에 수직인 벡터가 정해지는 성질을 통해 직선의 방향을 표현하는 다른 방법의 가능성을 추론하였으며 벡터 내적의 성질과 벡터의 성분 표현을 통해 법선벡터가 주어졌을 때 직선의 방정식을 올바르게 표현하였음. 좌표평면상의 두 직선이 각각의 방향을 가진 벡터를 매개로 표현됨을 이해하고 두 직선이 이루는 각의 크기를 구할 때 벡터가 평행이동에 대해 불변함을 이용하여 방향벡터 사이의 각도를 계산할 수 있음을 이해하였음. 실생활 예시를 탐구하고 컴퓨터 그래픽에서 도형을 표현할 때 벡터 그래픽스 방식을 통해 그려야 할 선분의 길이 및 방향을 수식을 사용하여 표현 할 수 있으며 직선과 원의 방정식이 벡터를 구현됨을 확인하였음.
188,4,2,2,기하,한 직선 위의 두 점을 시점과 종점으로 하는 벡터가 한 벡터에 평행함을 식으로 나타내어 봄으로써 영벡터가 아닌 벡터에 평행한 직선의 방정식을 구하는 과정을 이해하였으며 그 과정에서 사용되는 매개변수의 의미와 매개변수를 이용한 직선의 표현법에서 직선의 방향을 나타내는 방향벡터를 읽는 방법을 학습하여 관련 문제를 올바르게 풀이하였음. 한 벡터의 방향이 정해지면 그 벡터에 수직인 벡터가 정해지는 성질을 통해 직선의 방향을 표현하는 다른 방법의 가능성을 추론하였으며 벡터 내적의 성질과 벡터의 성분 표현을 통해 법선벡터가 주어졌을 때 직선의 방정식을 올바르게 표현하였음. 좌표평면상의 두 직선이 각각의 방향을 가진 벡터를 매개로 표현됨을 이해하고 두 직선이 이루는 각의 크기를 구할 때 벡터가 평행이동에 대해 불변함을 이용하여 방향벡터 사이의 각도를 계산할 수 있음을 이해하였음. 실생활 예시를 탐구하고 컴퓨터 그래픽에서 도형을 표현할 때 벡터 그래픽스 방식을 통해 그려야 할 선분의 길이 및 방향을 수식을 사용하여 표현 할 수 있으며 직선과 원의 방정식이 벡터를 구현됨을 확인하였음.
189,4,2,1,지구과학Ⅱ,"한반도 주변의 판구조 환경에 대해 조사하여 발표할 수 있고 변성 작용을 광역 변성 작용과 접촉 변성 작용으로 구분하여 말할 수 있으며 깊이에 따른 수압 분포를 알고, 수압 경도력이 해수를 움직이는 힘이 된다는 것을 말할 수 있음. 1학기 진원 찾기 수행평가에서 진앙의 위치를 찾고 진원의 깊이를 구하는 방법을 정확하게 알고 작도함. 2학기 수행평가인 과학탐구 보고서에서 일상적으로 알려지지 않은 우주에 대해 알려주는 사이트를 만들어 보고 싶다는 포부를 밝힘. 지구과학을 좋아하여 수업에 성실히 참여함."
190,4,2,2,지구과학Ⅱ,"한반도 주변의 판구조 환경에 대해 조사하여 발표할 수 있고 변성 작용을 광역 변성 작용과 접촉 변성 작용으로 구분하여 말할 수 있으며 깊이에 따른 수압 분포를 알고, 수압 경도력이 해수를 움직이는 힘이 된다는 것을 말할 수 있음. 1학기 진원 찾기 수행평가에서 진앙의 위치를 찾고 진원의 깊이를 구하는 방법을 정확하게 알고 작도함. 2학기 수행평가인 과학탐구 보고서에서 일상적으로 알려지지 않은 우주에 대해 알려주는 사이트를 만들어 보고 싶다는 포부를 밝힘. 지구과학을 좋아하여 수업에 성실히 참여함."
191,4,2,1,운동과 건강,유쾌하고 활동적이며 에너지가 넘치는 학생으로 다른 사람과의 대화에서 순발력과 재치가 있으며 적극적인 수업 활동으로 모든 학생과 교사들에게 신뢰가 있고 열심히 함.
192,4,2,2,운동과 건강,유쾌하고 활동적이며 에너지가 넘치는 학생으로 다른 사람과의 대화에서 순발력과 재치가 있으며 적극적인 수업 활동으로 모든 학생과 교사들에게 신뢰가 있고 열심히 함.
193,4,2,1,음악,협력 종합 예술 활동 뮤지컬 '레미제라블(민중의 노래)'의 부분을 학습하며 '학생4' 역할을 맡았으며 수업에 적극적으로 참여하는 모습을 보이고 작품에 대해 높은 이해력을 보여줌.
194,4,2,2,음악,협력 종합 예술 활동 뮤지컬 '레미제라블(민중의 노래)'의 부분을 학습하며 '학생4' 역할을 맡았으며 수업에 적극적으로 참여하는 모습을 보이고 작품에 대해 높은 이해력을 보여줌.
195,4,3,1,언어와 매체,1인 1문법 탐구하기 활동으로 '명령문과 청유문의 공통점과 차이점'에 대해 발표함.
196,4,3,1,미적분,정적분으로 정의된 함수의 극한과 미분에 대한 문제를 능숙하게 해결하는 능력이 있음. 또한 정적분과 급수 사이의 관계를 이용하여 급수를 정확하고 간단하게 구하는 등의 탁월한 모습을 보임.
197,4,3,2,미적분,정적분으로 정의된 함수의 극한과 미분에 대한 문제를 능숙하게 해결하는 능력이 있음. 또한 정적분과 급수 사이의 관계를 이용하여 급수를 정확하고 간단하게 구하는 등의 탁월한 모습을 보임.
198,4,3,1,영어 독해와 작문,"평소 수업 시간에 집중하는 모습을 보이고, 발표와 질문을 자주 하여 모르는 점을 바로바로 보강하는 점에서 학생의 열정이 느껴짐. 영어 글쓰기 활동 시 철자와 어법의 오류 없이 적절한 어휘와 연결 표현을 사용하여 글을 자연스럽게 작성하며, 영어 말하기 활동 시 의학에 관한 주제를 이해하기 쉽도록 유창하게 발표함."
199,4,3,1,실용 경제,취업 문제에 대한 발표 학습에서 우리나라 청년층의 계층 상승 사다리가 사라졌다는 신문 보도를 갖고 나와 이를 해결하기 위한 대책을 설득력 있게 설명함.
200,4,3,2,실용 경제,취업 문제에 대한 발표 학습에서 우리나라 청년층의 계층 상승 사다리가 사라졌다는 신문 보도를 갖고 나와 이를 해결하기 위한 대책을 설득력 있게 설명함.
201,4,3,1,논술,논술을 통해 합리적 설득 및 학문적 의사소통에서 비판적 글쓰기의 중요성과 기능을 이해하였고 다양한 방법을 활용하여 비판적으로 검토하는 방법을 익히는데 흥미를 보임.
202,4,3,2,논술,논술을 통해 합리적 설득 및 학문적 의사소통에서 비판적 글쓰기의 중요성과 기능을 이해하였고 다양한 방법을 활용하여 비판적으로 검토하는 방법을 익히는데 흥미를 보임.
203,4,3,1,심화 국어,사실적 읽기를 위하여 자신이 수행한 지문 읽기 방법을 지문을 예로 들어 설명함. 사실적 읽기를 위하여 자신이 수행한 지문 읽기 방법을 지문을 예로 들어 설명함. 먼저 각 문단의 구분을 명확하게 하고 첫문단을 통해 글의 제재나 주제에 대한 단어를 표시하여 글 전체의 내용이나 흐름을 미리 생각해 보는 것이 먼저임을 발표함. 그리고 개념이나 원리 부분에 표시를 하고 각 문단별로 내용을 간략히 정리하여 메모를 하거나 글의 종류에 따라 번호나 기호를 사용하여 도식화를 한다면 쉽게 글을 정리할 수 있다고 발표함.
204,4,3,2,심화 국어,사실적 읽기를 위하여 자신이 수행한 지문 읽기 방법을 지문을 예로 들어 설명함. 사실적 읽기를 위하여 자신이 수행한 지문 읽기 방법을 지문을 예로 들어 설명함. 먼저 각 문단의 구분을 명확하게 하고 첫문단을 통해 글의 제재나 주제에 대한 단어를 표시하여 글 전체의 내용이나 흐름을 미리 생각해 보는 것이 먼저임을 발표함. 그리고 개념이나 원리 부분에 표시를 하고 각 문단별로 내용을 간략히 정리하여 메모를 하거나 글의 종류에 따라 번호나 기호를 사용하여 도식화를 한다면 쉽게 글을 정리할 수 있다고 발표함.
205,4,3,2,현대문학 감상,"교과서 외 작품 더 읽어보기 활동으로 '서울, 1964년 겨울(김승옥)'을 읽고 중심인물 소개, 책에서 가장 인상깊었던 점과 그 이유 쓰기, 작품에 대한 감상문 쓰기 등의 활동을 수행함."
206,4,3,1,심화 영어 독해 I,영어 교과에 흥미를 갖고 적극적이고 의욕적으로 수업에 참여하였고 수업 태도가 성실함.
207,4,3,2,심화 영어 독해 I,영어 교과에 흥미를 갖고 적극적이고 의욕적으로 수업에 참여하였고 수업 태도가 성실함.
208,4,3,1,사회문제 탐구,"게임 과몰입 개선을 위한 스토리보드 제작 활동, 광고 비율을 중심으로 신문매체의 문제점을 분석한 보고서 작성 활동에서 관련된 개념과 이론을 정확히 이해하고 각종 자료에 대한 비판적 분석력 및 종합 능력을 보여줌."
209,4,3,2,사회문제 탐구,"게임 과몰입 개선을 위한 스토리보드 제작 활동, 광고 비율을 중심으로 신문매체의 문제점을 분석한 보고서 작성 활동에서 관련된 개념과 이론을 정확히 이해하고 각종 자료에 대한 비판적 분석력 및 종합 능력을 보여줌."
210,4,3,1,화학Ⅱ,상평형 그림을 보고 온도와 압력에 따라 물질의 상태가 변화하는 것을 설명할 수 있으며 물의 상평형 그림을 보고 온도와 압력에 따른 물의 상태 변화 특성을 설명할 수 있었으며 이온화 상수식을 정의하고 이온화 상수를 이용하여 산과 염기의 세기를 구분할 수 있으며 염의 가수분해 과정을 설명하고 수용액의 액성을 예측할 수 있었음.
211,4,3,1,과학사,"라부아지에 연소 이론, 돌턴의 원자설, 멘델레예프의 주기율표 등의 과학사적 의의를 설명할 수 있었으며 다윈의 진화론의 배경과 근대 생물학 연구의 과학사적 의의를 설명할 수 있었음."
212,4,3,2,과학사,"개념적인 내용뿐만 아니라 교과서에 나와 있는 전 과정에 대한 이해도가 높으며, 이를 바탕으로 주위의 친구들에게 이해시켜주는 등 보조 교사 역할을 수행함. 친구들에게 자신이 설명을 해주는 과정에서 더욱 발전하는 모습을 보이며 자신 스스로도 그 과정을 즐기는 듯함. 과학 문제를 풀 때 여러 가지 방법을 생각해내어 교사의 의견을 요청하는 창의성을 가짐. 문제를 접근하는 방법에서 자신만의 독특한 생각을 개념과 공식에 적용하여 이해하려고 노력하는 학생임."
213,4,3,1,스포츠 생활,"체육의 기술적인 뜻을 알고 계획적인 신체활동으로 신체적, 정신적, 사회적으로 모범이 되며 보이지 않게 굉장히 노력하는 학생임. 아울러 협응성이 뛰어나 운동수행에 있어 높은 기량을 보이며, 다른 친구들을 도와 수업에 참여하는 배려심이 깊은 학생임."
214,4,3,2,스포츠 생활,"체육의 기술적인 뜻을 알고 계획적인 신체활동으로 신체적, 정신적, 사회적으로 모범이 되며 보이지 않게 굉장히 노력하는 학생임. 아울러 협응성이 뛰어나 운동수행에 있어 높은 기량을 보이며, 다른 친구들을 도와 수업에 참여하는 배려심이 깊은 학생임."
215,4,3,2,실용 영어,"자신의 경험을 영어로 된 문장으로 표현하는 데 있어 평균 이상의 정확도와 완성도를 보임. 표현의 풍부함과 문장 간의 유기적인 연결만 더해진다면, 보다 더 수준 높은 글도 쓸 수 있을 것이라 판단됨."
